{"tile": {"0;79": [[[0, 10208], 11, "cave_4"], [[16, 10208], 11, "cave_4"], [[32, 10208], 11, "cave_4"], [[48, 10208], 11, "cave_4"], [[64, 10208], 11, "cave_4"], [[80, 10208], 11, "cave_4"], [[96, 10208], 11, "cave_4"], [[112, 10208], 11, "cave_4"], [[112, 10128], 11, "cave_4"], [[96, 10128], 11, "cave_4"], [[80, 10128], 11, "cave_4"], [[64, 10128], 11, "cave_4"], [[48, 10128], 11, "cave_4"], [[32, 10128], 11, "cave_4"], [[16, 10128], 11, "cave_4"], [[0, 10128], 11, "cave_4"], [[112, 10192], 11, "cave_4"], [[96, 10192], 11, "cave_4"], [[80, 10192], 11, "cave_4"], [[64, 10192], 11, "cave_4"], [[48, 10192], 11, "cave_4"], [[32, 10192], 11, "cave_4"], [[16, 10192], 11, "cave_4"], [[0, 10192], 11, "cave_4"], [[0, 10176], 11, "cave_4"], [[16, 10176], 11, "cave_4"], [[16, 10160], 11, "cave_4"], [[0, 10160], 11, "cave_4"], [[0, 10144], 11, "cave_4"], [[16, 10144], 11, "cave_4"], [[32, 10144], 11, "cave_4"], [[48, 10144], 11, "cave_4"], [[64, 10144], 11, "cave_4"], [[80, 10144], 11, "cave_4"], [[96, 10144], 11, "cave_4"], [[112, 10144], 11, "cave_4"], [[96, 10160], 11, "cave_4"], [[80, 10160], 11, "cave_4"], [[64, 10160], 11, "cave_4"], [[112, 10160], 11, "cave_4"], [[48, 10160], 11, "cave_4"], [[32, 10160], 11, "cave_4"], [[32, 10176], 11, "cave_4"], [[48, 10176], 11, "cave_4"], [[64, 10176], 11, "cave_4"], [[80, 10176], 11, "cave_4"], [[96, 10176], 11, "cave_4"], [[112, 10176], 11, "cave_4"], [[112, 10112], 8, "cave_1"], [[96, 10112], 8, "cave_1"], [[80, 10112], 8, "cave_1"], [[64, 10112], 8, "cave_1"], [[48, 10112], 8, "cave_1"], [[32, 10112], 8, "cave_1"], [[16, 10112], 8, "cave_1"], [[0, 10112], 8, "cave_1"]], "0;78": [[[32, 10064], 21, "cave_fly_1"], [[48, 10064], 21, "cave_fly_1"], [[64, 10064], 21, "cave_fly_1"], [[80, 10064], 21, "cave_fly_1"], [[96, 10064], 21, "cave_fly_1"], [[96, 10064], 22, "cave_fly_2"], [[32, 10064], 20, "cave_fly_0"], [[16, 10000], 12, "cave_5"], [[32, 10016], 12, "cave_5"], [[48, 10016], 12, "cave_5"], [[64, 10016], 12, "cave_5"], [[80, 10016], 12, "cave_5"], [[96, 10016], 12, "cave_5"], [[16, 10000], 10, "cave_3"], [[16, 10000], 13, "cave_6"], [[32, 10016], 13, "cave_6"], [[48, 10016], 14, "cave_7"], [[64, 10016], 14, "cave_7"], [[80, 10016], 14, "cave_7"], [[96, 10016], 14, "cave_7"], [[16, 9984], 10, "cave_3"], [[32, 10000], 17, "cave_corner_1"], [[112, 10016], 14, "cave_7"], [[32, 9984], 11, "cave_4"], [[48, 9984], 11, "cave_4"], [[64, 9984], 11, "cave_4"], [[64, 10000], 11, "cave_4"], [[48, 10000], 11, "cave_4"], [[80, 10000], 11, "cave_4"], [[96, 10000], 11, "cave_4"], [[112, 10000], 11, "cave_4"], [[112, 9984], 11, "cave_4"], [[96, 9984], 11, "cave_4"], [[80, 9984], 11, "cave_4"], [[64, 10104], 23, "drygrass_props"], [[112, 10104], 23, "drygrass_props"], [[32, 10056], 23, "drygrass_props"], [[64, 10056], 23, "drygrass_props"], [[96, 10056], 23, "drygrass_props"], [[0, 10104], 37, "flowers_props"], [[48, 10104], 37, "flowers_props"]], "1;78": [[[160, 10048], 31, "dungeon_7"], [[176, 10048], 31, "dungeon_7"], [[192, 10048], 31, "dungeon_7"], [[208, 10048], 31, "dungeon_7"], [[224, 10048], 31, "dungeon_7"], [[240, 10048], 31, "dungeon_7"], [[144, 10048], 13, "cave_6"], [[128, 10032], 13, "cave_6"], [[240, 10032], 8, "cave_1"], [[224, 10032], 8, "cave_1"], [[208, 10032], 8, "cave_1"], [[192, 10032], 8, "cave_1"], [[176, 10032], 8, "cave_1"], [[160, 10032], 8, "cave_1"], [[128, 10016], 17, "cave_corner_1"], [[144, 10032], 17, "cave_corner_1"], [[144, 10016], 12, "cave_5"], [[144, 10000], 12, "cave_5"], [[144, 9984], 12, "cave_5"], [[128, 10000], 11, "cave_4"], [[128, 9984], 11, "cave_4"], [[240, 9984], 22, "cave_fly_2"], [[224, 9984], 21, "cave_fly_1"], [[208, 9984], 20, "cave_fly_0"], [[128, 10104], 23, "drygrass_props"], [[176, 10024], 23, "drygrass_props"], [[240, 10024], 23, "drygrass_props"], [[224, 10024], 37, "flowers_props"], [[192, 10024], 37, "flowers_props"], [[240, 10016], 2, "arrow_plate_right"]], "1;79": [[[160, 10112], 8, "cave_1"], [[176, 10112], 25, "dungeon_1"], [[192, 10112], 25, "dungeon_1"], [[208, 10112], 25, "dungeon_1"], [[224, 10112], 25, "dungeon_1"], [[240, 10112], 25, "dungeon_1"], [[160, 10112], 25, "dungeon_1"], [[128, 10208], 11, "cave_4"], [[144, 10208], 11, "cave_4"], [[160, 10208], 11, "cave_4"], [[176, 10208], 11, "cave_4"], [[192, 10208], 11, "cave_4"], [[208, 10208], 11, "cave_4"], [[224, 10208], 11, "cave_4"], [[240, 10208], 11, "cave_4"], [[240, 10128], 11, "cave_4"], [[224, 10128], 11, "cave_4"], [[208, 10128], 11, "cave_4"], [[192, 10128], 11, "cave_4"], [[176, 10128], 11, "cave_4"], [[160, 10128], 11, "cave_4"], [[144, 10128], 11, "cave_4"], [[128, 10128], 11, "cave_4"], [[240, 10192], 11, "cave_4"], [[224, 10192], 11, "cave_4"], [[208, 10192], 11, "cave_4"], [[192, 10192], 11, "cave_4"], [[176, 10192], 11, "cave_4"], [[160, 10192], 11, "cave_4"], [[144, 10192], 11, "cave_4"], [[128, 10192], 11, "cave_4"], [[128, 10144], 11, "cave_4"], [[144, 10144], 11, "cave_4"], [[160, 10144], 11, "cave_4"], [[176, 10144], 11, "cave_4"], [[192, 10144], 11, "cave_4"], [[208, 10144], 11, "cave_4"], [[224, 10144], 11, "cave_4"], [[240, 10144], 11, "cave_4"], [[240, 10160], 11, "cave_4"], [[128, 10160], 11, "cave_4"], [[144, 10160], 11, "cave_4"], [[224, 10160], 11, "cave_4"], [[208, 10160], 11, "cave_4"], [[192, 10160], 11, "cave_4"], [[176, 10160], 11, "cave_4"], [[160, 10160], 11, "cave_4"], [[144, 10176], 11, "cave_4"], [[128, 10176], 11, "cave_4"], [[160, 10176], 11, "cave_4"], [[176, 10176], 11, "cave_4"], [[192, 10176], 11, "cave_4"], [[208, 10176], 11, "cave_4"], [[224, 10176], 11, "cave_4"], [[240, 10176], 11, "cave_4"], [[144, 10112], 8, "cave_1"], [[128, 10112], 8, "cave_1"]], "-1;79": [[[-32, 10112], 19, "cave_corner_3"], [[-32, 10128], 11, "cave_4"], [[-32, 10144], 11, "cave_4"], [[-32, 10160], 11, "cave_4"], [[-32, 10176], 11, "cave_4"], [[-32, 10192], 11, "cave_4"], [[-32, 10208], 11, "cave_4"], [[-48, 10208], 11, "cave_4"], [[-64, 10208], 11, "cave_4"], [[-80, 10208], 11, "cave_4"], [[-96, 10208], 11, "cave_4"], [[-112, 10208], 11, "cave_4"], [[-128, 10208], 11, "cave_4"], [[-16, 10208], 11, "cave_4"], [[-16, 10128], 11, "cave_4"], [[-48, 10128], 11, "cave_4"], [[-64, 10112], 11, "cave_4"], [[-48, 10112], 11, "cave_4"], [[-128, 10192], 11, "cave_4"], [[-112, 10192], 11, "cave_4"], [[-96, 10192], 11, "cave_4"], [[-80, 10192], 11, "cave_4"], [[-64, 10192], 11, "cave_4"], [[-48, 10192], 11, "cave_4"], [[-112, 10176], 11, "cave_4"], [[-128, 10176], 11, "cave_4"], [[-64, 10176], 11, "cave_4"], [[-80, 10176], 11, "cave_4"], [[-96, 10176], 11, "cave_4"], [[-48, 10176], 11, "cave_4"], [[-48, 10160], 11, "cave_4"], [[-64, 10160], 11, "cave_4"], [[-80, 10160], 11, "cave_4"], [[-96, 10160], 11, "cave_4"], [[-128, 10160], 11, "cave_4"], [[-128, 10128], 11, "cave_4"], [[-128, 10144], 11, "cave_4"], [[-112, 10160], 11, "cave_4"], [[-112, 10144], 11, "cave_4"], [[-112, 10128], 11, "cave_4"], [[-96, 10144], 11, "cave_4"], [[-80, 10144], 11, "cave_4"], [[-64, 10128], 11, "cave_4"], [[-64, 10144], 11, "cave_4"], [[-48, 10144], 11, "cave_4"], [[-80, 10128], 11, "cave_4"], [[-80, 10112], 11, "cave_4"], [[-96, 10112], 11, "cave_4"], [[-96, 10128], 11, "cave_4"], [[-112, 10112], 11, "cave_4"], [[-128, 10112], 11, "cave_4"], [[-16, 10192], 11, "cave_4"], [[-16, 10176], 11, "cave_4"], [[-16, 10160], 11, "cave_4"], [[-16, 10144], 11, "cave_4"], [[-16, 10112], 8, "cave_1"]], "2;79": [[[256, 10112], 35, "dungeon_corner_2"], [[288, 10112], 12, "cave_5"], [[304, 10112], 12, "cave_5"], [[320, 10112], 12, "cave_5"], [[352, 10112], 12, "cave_5"], [[368, 10112], 12, "cave_5"], [[336, 10112], 12, "cave_5"], [[288, 10112], 8, "cave_1"], [[304, 10112], 8, "cave_1"], [[320, 10112], 8, "cave_1"], [[336, 10112], 8, "cave_1"], [[352, 10112], 8, "cave_1"], [[368, 10112], 8, "cave_1"], [[272, 10112], 19, "cave_corner_3"], [[256, 10208], 11, "cave_4"], [[272, 10208], 11, "cave_4"], [[288, 10208], 11, "cave_4"], [[304, 10208], 11, "cave_4"], [[320, 10208], 11, "cave_4"], [[336, 10208], 11, "cave_4"], [[352, 10208], 11, "cave_4"], [[368, 10208], 11, "cave_4"], [[368, 10128], 11, "cave_4"], [[352, 10128], 11, "cave_4"], [[336, 10128], 11, "cave_4"], [[320, 10128], 11, "cave_4"], [[304, 10128], 11, "cave_4"], [[288, 10128], 11, "cave_4"], [[272, 10128], 11, "cave_4"], [[256, 10128], 11, "cave_4"], [[368, 10192], 11, "cave_4"], [[352, 10192], 11, "cave_4"], [[336, 10192], 11, "cave_4"], [[320, 10192], 11, "cave_4"], [[304, 10192], 11, "cave_4"], [[288, 10192], 11, "cave_4"], [[272, 10192], 11, "cave_4"], [[256, 10192], 11, "cave_4"], [[256, 10144], 11, "cave_4"], [[272, 10144], 11, "cave_4"], [[288, 10144], 11, "cave_4"], [[304, 10144], 11, "cave_4"], [[320, 10144], 11, "cave_4"], [[336, 10144], 11, "cave_4"], [[352, 10144], 11, "cave_4"], [[368, 10144], 11, "cave_4"], [[368, 10160], 11, "cave_4"], [[352, 10160], 11, "cave_4"], [[336, 10160], 11, "cave_4"], [[320, 10160], 11, "cave_4"], [[304, 10160], 11, "cave_4"], [[288, 10160], 11, "cave_4"], [[272, 10160], 11, "cave_4"], [[256, 10160], 11, "cave_4"], [[256, 10176], 11, "cave_4"], [[272, 10176], 11, "cave_4"], [[288, 10176], 11, "cave_4"], [[304, 10176], 11, "cave_4"], [[320, 10176], 11, "cave_4"], [[336, 10176], 11, "cave_4"], [[352, 10176], 11, "cave_4"], [[368, 10176], 11, "cave_4"]], "2;78": [[[256, 10096], 27, "dungeon_3"], [[256, 10080], 27, "dungeon_3"], [[256, 10064], 27, "dungeon_3"], [[256, 10048], 34, "dungeon_corner_1"], [[272, 10080], 12, "cave_5"], [[272, 10064], 12, "cave_5"], [[272, 10048], 12, "cave_5"], [[272, 9984], 38, "grass_bottom"], [[272, 10032], 38, "grass_bottom"], [[288, 10032], 38, "grass_bottom"], [[272, 10032], 8, "cave_1"], [[288, 10032], 8, "cave_1"], [[272, 9984], 8, "cave_1"], [[256, 10032], 8, "cave_1"], [[272, 9984], 13, "cave_6"], [[288, 9984], 15, "cave_8"], [[288, 10032], 22, "cave_fly_2"], [[272, 10024], 23, "drygrass_props"], [[288, 10024], 23, "drygrass_props"], [[352, 10104], 23, "drygrass_props"], [[320, 10104], 23, "drygrass_props"], [[288, 10104], 23, "drygrass_props"], [[272, 10096], 12, "cave_5"], [[336, 10104], 37, "flowers_props"]], "-1;78": [[[-48, 10000], 12, "cave_5"], [[-48, 9984], 12, "cave_5"], [[-32, 10016], 12, "cave_5"], [[-32, 10016], 9, "cave_2"], [[-48, 10016], 19, "cave_corner_3"], [[-16, 10104], 23, "drygrass_props"], [[-32, 10008], 23, "drygrass_props"], [[-32, 10008], 37, "flowers_props"], [[-48, 10032], 11, "cave_4"], [[-48, 10048], 11, "cave_4"], [[-48, 10064], 11, "cave_4"], [[-48, 10080], 11, "cave_4"], [[-48, 10096], 11, "cave_4"], [[-64, 10032], 11, "cave_4"], [[-80, 10016], 11, "cave_4"], [[-80, 10000], 11, "cave_4"], [[-80, 9984], 11, "cave_4"], [[-64, 9984], 11, "cave_4"], [[-64, 10000], 11, "cave_4"], [[-64, 10016], 11, "cave_4"], [[-80, 10096], 11, "cave_4"], [[-80, 10080], 11, "cave_4"], [[-80, 10064], 11, "cave_4"], [[-80, 10048], 11, "cave_4"], [[-80, 10032], 11, "cave_4"], [[-128, 10016], 11, "cave_4"], [[-128, 10000], 11, "cave_4"], [[-128, 9984], 11, "cave_4"], [[-128, 10096], 11, "cave_4"], [[-112, 10096], 11, "cave_4"], [[-96, 10096], 11, "cave_4"], [[-64, 10096], 11, "cave_4"], [[-64, 10080], 11, "cave_4"], [[-64, 10064], 11, "cave_4"], [[-64, 10048], 11, "cave_4"], [[-96, 9984], 11, "cave_4"], [[-112, 9984], 11, "cave_4"], [[-96, 10000], 11, "cave_4"], [[-96, 10016], 11, "cave_4"], [[-112, 10016], 11, "cave_4"], [[-112, 10000], 11, "cave_4"], [[-96, 10032], 11, "cave_4"], [[-96, 10048], 11, "cave_4"], [[-96, 10064], 11, "cave_4"], [[-96, 10080], 11, "cave_4"], [[-112, 10080], 11, "cave_4"], [[-128, 10080], 11, "cave_4"], [[-128, 10064], 11, "cave_4"], [[-128, 10048], 11, "cave_4"], [[-128, 10032], 11, "cave_4"], [[-112, 10032], 11, "cave_4"], [[-112, 10048], 11, "cave_4"], [[-112, 10064], 11, "cave_4"], [[-32, 10032], 12, "cave_5"], [[-32, 10096], 12, "cave_5"], [[-32, 10080], 12, "cave_5"], [[-32, 10064], 12, "cave_5"], [[-32, 10048], 12, "cave_5"]], "-1;77": [[[-48, 9968], 12, "cave_5"], [[-48, 9952], 12, "cave_5"], [[-48, 9936], 12, "cave_5"], [[-48, 9920], 12, "cave_5"], [[-16, 9904], 14, "cave_7"], [[-32, 9904], 14, "cave_7"], [[-48, 9904], 16, "cave_corner_0"], [[-64, 9952], 11, "cave_4"], [[-80, 9952], 11, "cave_4"], [[-96, 9952], 11, "cave_4"], [[-112, 9952], 11, "cave_4"], [[-128, 9952], 11, "cave_4"], [[-112, 9856], 11, "cave_4"], [[-112, 9872], 11, "cave_4"], [[-112, 9888], 11, "cave_4"], [[-112, 9904], 11, "cave_4"], [[-112, 9920], 11, "cave_4"], [[-128, 9920], 11, "cave_4"], [[-128, 9856], 11, "cave_4"], [[-128, 9872], 11, "cave_4"], [[-128, 9888], 11, "cave_4"], [[-128, 9904], 11, "cave_4"], [[-128, 9936], 11, "cave_4"], [[-112, 9936], 11, "cave_4"], [[-96, 9936], 11, "cave_4"], [[-96, 9920], 11, "cave_4"], [[-80, 9920], 11, "cave_4"], [[-96, 9904], 11, "cave_4"], [[-96, 9888], 11, "cave_4"], [[-96, 9872], 11, "cave_4"], [[-96, 9856], 11, "cave_4"], [[-64, 9936], 11, "cave_4"], [[-64, 9920], 11, "cave_4"], [[-64, 9904], 11, "cave_4"], [[-64, 9888], 11, "cave_4"], [[-64, 9872], 11, "cave_4"], [[-64, 9856], 11, "cave_4"], [[-80, 9856], 11, "cave_4"], [[-80, 9872], 11, "cave_4"], [[-80, 9888], 11, "cave_4"], [[-80, 9904], 11, "cave_4"], [[-80, 9936], 11, "cave_4"], [[-48, 9888], 11, "cave_4"], [[-32, 9888], 11, "cave_4"], [[-16, 9888], 11, "cave_4"], [[-80, 9968], 11, "cave_4"], [[-64, 9968], 11, "cave_4"], [[-96, 9968], 11, "cave_4"], [[-128, 9968], 11, "cave_4"], [[-112, 9968], 11, "cave_4"], [[-48, 9856], 11, "cave_4"], [[-32, 9856], 11, "cave_4"], [[-32, 9872], 11, "cave_4"], [[-16, 9872], 11, "cave_4"], [[-48, 9872], 11, "cave_4"], [[-16, 9856], 11, "cave_4"]], "0;77": [[[32, 9968], 12, "cave_5"], [[48, 9968], 12, "cave_5"], [[64, 9968], 12, "cave_5"], [[80, 9968], 12, "cave_5"], [[96, 9968], 12, "cave_5"], [[112, 9968], 12, "cave_5"], [[16, 9904], 14, "cave_7"], [[0, 9904], 14, "cave_7"], [[32, 9904], 14, "cave_7"], [[48, 9904], 14, "cave_7"], [[64, 9904], 14, "cave_7"], [[80, 9904], 15, "cave_8"], [[96, 9888], 15, "cave_8"], [[112, 9872], 15, "cave_8"], [[80, 9888], 16, "cave_corner_0"], [[96, 9872], 16, "cave_corner_0"], [[112, 9856], 16, "cave_corner_0"], [[96, 9968], 8, "cave_1"], [[112, 9968], 8, "cave_1"], [[80, 9968], 8, "cave_1"], [[64, 9968], 8, "cave_1"], [[48, 9968], 8, "cave_1"], [[32, 9968], 8, "cave_1"], [[16, 9968], 7, "cave_0"], [[16, 9960], 23, "drygrass_props"], [[48, 9960], 23, "drygrass_props"], [[64, 9960], 23, "drygrass_props"], [[112, 9960], 23, "drygrass_props"], [[80, 9960], 37, "flowers_props"], [[0, 9888], 11, "cave_4"], [[16, 9888], 11, "cave_4"], [[32, 9888], 11, "cave_4"], [[48, 9888], 11, "cave_4"], [[64, 9888], 11, "cave_4"], [[64, 9872], 11, "cave_4"], [[64, 9856], 11, "cave_4"], [[80, 9872], 11, "cave_4"], [[80, 9856], 11, "cave_4"], [[96, 9856], 11, "cave_4"], [[0, 9872], 11, "cave_4"], [[16, 9872], 11, "cave_4"], [[32, 9872], 11, "cave_4"], [[48, 9872], 11, "cave_4"], [[0, 9856], 11, "cave_4"], [[16, 9856], 11, "cave_4"], [[32, 9856], 11, "cave_4"], [[48, 9856], 11, "cave_4"], [[64, 9952], 2, "arrow_plate_right"]], "1;77": [[[128, 9952], 12, "cave_5"], [[144, 9936], 12, "cave_5"], [[176, 9920], 12, "cave_5"], [[192, 9920], 12, "cave_5"], [[208, 9920], 12, "cave_5"], [[128, 9856], 15, "cave_8"], [[128, 9952], 7, "cave_0"], [[144, 9936], 7, "cave_0"], [[176, 9920], 8, "cave_1"], [[192, 9920], 8, "cave_1"], [[208, 9920], 8, "cave_1"], [[160, 9920], 7, "cave_0"], [[128, 9968], 18, "cave_corner_2"], [[144, 9952], 18, "cave_corner_2"], [[160, 9936], 18, "cave_corner_2"], [[160, 9968], 15, "cave_8"], [[176, 9952], 15, "cave_8"], [[144, 9968], 16, "cave_corner_0"], [[160, 9952], 16, "cave_corner_0"], [[176, 9936], 16, "cave_corner_0"], [[192, 9936], 14, "cave_7"], [[208, 9936], 14, "cave_7"], [[224, 9920], 9, "cave_2"], [[224, 9936], 15, "cave_8"], [[176, 9912], 23, "drygrass_props"], [[192, 9912], 23, "drygrass_props"], [[224, 9912], 23, "drygrass_props"], [[160, 9912], 37, "flowers_props"], [[128, 9944], 37, "flowers_props"], [[240, 9976], 37, "flowers_props"]], "2;77": [[[288, 9936], 12, "cave_5"], [[304, 9936], 12, "cave_5"], [[320, 9936], 12, "cave_5"], [[336, 9936], 12, "cave_5"], [[352, 9936], 12, "cave_5"], [[368, 9936], 12, "cave_5"], [[272, 9920], 12, "cave_5"], [[272, 9904], 12, "cave_5"], [[272, 9888], 12, "cave_5"], [[272, 9872], 12, "cave_5"], [[272, 9856], 12, "cave_5"], [[272, 9968], 8, "cave_1"], [[288, 9968], 8, "cave_1"], [[288, 9968], 9, "cave_2"], [[272, 9968], 7, "cave_0"], [[368, 9936], 14, "cave_7"], [[352, 9936], 14, "cave_7"], [[336, 9936], 14, "cave_7"], [[320, 9936], 14, "cave_7"], [[304, 9936], 14, "cave_7"], [[288, 9936], 14, "cave_7"], [[272, 9856], 10, "cave_3"], [[272, 9872], 10, "cave_3"], [[272, 9888], 10, "cave_3"], [[272, 9904], 10, "cave_3"], [[272, 9920], 10, "cave_3"], [[272, 9936], 13, "cave_6"], [[288, 9856], 11, "cave_4"], [[288, 9872], 11, "cave_4"], [[288, 9888], 11, "cave_4"], [[288, 9904], 11, "cave_4"], [[288, 9920], 11, "cave_4"], [[304, 9920], 11, "cave_4"], [[320, 9920], 11, "cave_4"], [[336, 9920], 11, "cave_4"], [[352, 9920], 11, "cave_4"], [[368, 9920], 11, "cave_4"], [[304, 9904], 11, "cave_4"], [[352, 9904], 11, "cave_4"], [[368, 9904], 11, "cave_4"], [[304, 9872], 11, "cave_4"], [[304, 9888], 11, "cave_4"], [[336, 9904], 11, "cave_4"], [[336, 9888], 11, "cave_4"], [[320, 9888], 11, "cave_4"], [[320, 9872], 11, "cave_4"], [[304, 9856], 11, "cave_4"], [[320, 9904], 11, "cave_4"], [[336, 9856], 11, "cave_4"], [[352, 9856], 11, "cave_4"], [[320, 9856], 11, "cave_4"], [[368, 9856], 11, "cave_4"], [[368, 9872], 11, "cave_4"], [[352, 9872], 11, "cave_4"], [[336, 9872], 11, "cave_4"], [[352, 9888], 11, "cave_4"], [[368, 9888], 11, "cave_4"]], "3;79": [[[384, 10112], 12, "cave_5"], [[400, 10112], 12, "cave_5"], [[416, 10112], 12, "cave_5"], [[432, 10112], 12, "cave_5"], [[384, 10112], 8, "cave_1"], [[400, 10112], 8, "cave_1"], [[416, 10112], 8, "cave_1"], [[432, 10112], 8, "cave_1"], [[448, 10112], 18, "cave_corner_2"], [[384, 10208], 11, "cave_4"], [[400, 10208], 11, "cave_4"], [[416, 10208], 11, "cave_4"], [[432, 10208], 11, "cave_4"], [[448, 10208], 11, "cave_4"], [[464, 10208], 11, "cave_4"], [[480, 10208], 11, "cave_4"], [[496, 10208], 11, "cave_4"], [[464, 10112], 11, "cave_4"], [[464, 10128], 11, "cave_4"], [[464, 10144], 11, "cave_4"], [[448, 10128], 11, "cave_4"], [[432, 10128], 11, "cave_4"], [[416, 10128], 11, "cave_4"], [[400, 10128], 11, "cave_4"], [[384, 10128], 11, "cave_4"], [[496, 10192], 11, "cave_4"], [[480, 10192], 11, "cave_4"], [[464, 10192], 11, "cave_4"], [[448, 10192], 11, "cave_4"], [[432, 10192], 11, "cave_4"], [[416, 10192], 11, "cave_4"], [[400, 10192], 11, "cave_4"], [[384, 10192], 11, "cave_4"], [[384, 10144], 11, "cave_4"], [[400, 10144], 11, "cave_4"], [[416, 10144], 11, "cave_4"], [[432, 10144], 11, "cave_4"], [[448, 10144], 11, "cave_4"], [[480, 10144], 11, "cave_4"], [[496, 10144], 11, "cave_4"], [[480, 10112], 11, "cave_4"], [[480, 10128], 11, "cave_4"], [[496, 10128], 11, "cave_4"], [[496, 10112], 11, "cave_4"], [[496, 10160], 11, "cave_4"], [[480, 10160], 11, "cave_4"], [[464, 10160], 11, "cave_4"], [[448, 10160], 11, "cave_4"], [[432, 10160], 11, "cave_4"], [[416, 10160], 11, "cave_4"], [[400, 10160], 11, "cave_4"], [[384, 10160], 11, "cave_4"], [[384, 10176], 11, "cave_4"], [[400, 10176], 11, "cave_4"], [[416, 10176], 11, "cave_4"], [[432, 10176], 11, "cave_4"], [[448, 10176], 11, "cave_4"], [[464, 10176], 11, "cave_4"], [[480, 10176], 11, "cave_4"], [[496, 10176], 11, "cave_4"]], "4;79": [[[512, 10208], 11, "cave_4"], [[528, 10208], 11, "cave_4"], [[512, 10192], 11, "cave_4"], [[512, 10144], 11, "cave_4"], [[528, 10144], 11, "cave_4"], [[544, 10144], 11, "cave_4"], [[560, 10144], 11, "cave_4"], [[576, 10144], 11, "cave_4"], [[576, 10128], 11, "cave_4"], [[576, 10112], 11, "cave_4"], [[528, 10128], 11, "cave_4"], [[544, 10128], 11, "cave_4"], [[560, 10128], 11, "cave_4"], [[560, 10112], 11, "cave_4"], [[544, 10112], 11, "cave_4"], [[528, 10112], 11, "cave_4"], [[512, 10112], 11, "cave_4"], [[512, 10128], 11, "cave_4"], [[592, 10128], 11, "cave_4"], [[608, 10128], 11, "cave_4"], [[624, 10128], 11, "cave_4"], [[608, 10112], 11, "cave_4"], [[624, 10112], 11, "cave_4"], [[592, 10112], 11, "cave_4"], [[624, 10144], 11, "cave_4"], [[608, 10144], 11, "cave_4"], [[592, 10144], 11, "cave_4"], [[528, 10160], 11, "cave_4"], [[512, 10160], 11, "cave_4"], [[512, 10176], 11, "cave_4"], [[608, 10160], 11, "cave_4"], [[608, 10176], 11, "cave_4"], [[608, 10192], 11, "cave_4"], [[608, 10208], 11, "cave_4"], [[592, 10208], 11, "cave_4"], [[576, 10208], 11, "cave_4"], [[560, 10208], 11, "cave_4"], [[544, 10208], 11, "cave_4"], [[544, 10160], 11, "cave_4"], [[544, 10176], 11, "cave_4"], [[528, 10176], 11, "cave_4"], [[528, 10192], 11, "cave_4"], [[544, 10192], 11, "cave_4"], [[560, 10192], 11, "cave_4"], [[576, 10192], 11, "cave_4"], [[592, 10192], 11, "cave_4"], [[592, 10176], 11, "cave_4"], [[592, 10160], 11, "cave_4"], [[576, 10160], 11, "cave_4"], [[560, 10160], 11, "cave_4"], [[560, 10176], 11, "cave_4"], [[576, 10176], 11, "cave_4"]], "3;78": [[[480, 10048], 8, "cave_1"], [[496, 10048], 8, "cave_1"], [[448, 10064], 8, "cave_1"], [[448, 10080], 8, "cave_1"], [[448, 10096], 8, "cave_1"], [[448, 10064], 10, "cave_3"], [[448, 10080], 10, "cave_3"], [[448, 10096], 10, "cave_3"], [[448, 10048], 7, "cave_0"], [[416, 9984], 8, "cave_1"], [[432, 9984], 8, "cave_1"], [[448, 9984], 8, "cave_1"], [[464, 9984], 8, "cave_1"], [[480, 9984], 8, "cave_1"], [[496, 9984], 8, "cave_1"], [[400, 9984], 20, "cave_fly_0"], [[480, 10040], 23, "drygrass_props"], [[448, 10040], 23, "drygrass_props"], [[400, 10104], 23, "drygrass_props"], [[464, 10040], 37, "flowers_props"], [[384, 10104], 37, "flowers_props"], [[464, 10048], 8, "cave_1"], [[496, 10064], 11, "cave_4"], [[464, 10064], 11, "cave_4"], [[464, 10080], 11, "cave_4"], [[480, 10064], 11, "cave_4"], [[464, 10096], 11, "cave_4"], [[496, 10080], 11, "cave_4"], [[480, 10080], 11, "cave_4"], [[480, 10096], 11, "cave_4"], [[496, 10096], 11, "cave_4"]], "3;77": [[[384, 9936], 12, "cave_5"], [[400, 9936], 9, "cave_2"], [[432, 9952], 9, "cave_2"], [[448, 9952], 9, "cave_2"], [[464, 9952], 9, "cave_2"], [[480, 9952], 9, "cave_2"], [[496, 9952], 9, "cave_2"], [[432, 9952], 14, "cave_7"], [[480, 9952], 14, "cave_7"], [[496, 9952], 14, "cave_7"], [[464, 9952], 14, "cave_7"], [[448, 9952], 14, "cave_7"], [[416, 9952], 13, "cave_6"], [[400, 9936], 14, "cave_7"], [[384, 9936], 14, "cave_7"], [[416, 9936], 17, "cave_corner_1"], [[448, 9976], 23, "drygrass_props"], [[496, 9976], 23, "drygrass_props"], [[432, 9976], 37, "flowers_props"], [[384, 9920], 11, "cave_4"], [[400, 9920], 11, "cave_4"], [[416, 9920], 11, "cave_4"], [[432, 9920], 11, "cave_4"], [[448, 9920], 11, "cave_4"], [[432, 9936], 11, "cave_4"], [[448, 9936], 11, "cave_4"], [[464, 9936], 11, "cave_4"], [[480, 9936], 11, "cave_4"], [[496, 9936], 11, "cave_4"], [[384, 9904], 11, "cave_4"], [[400, 9904], 11, "cave_4"], [[416, 9904], 11, "cave_4"], [[432, 9904], 11, "cave_4"], [[448, 9904], 11, "cave_4"], [[464, 9904], 11, "cave_4"], [[480, 9904], 11, "cave_4"], [[496, 9904], 11, "cave_4"], [[464, 9920], 11, "cave_4"], [[480, 9920], 11, "cave_4"], [[496, 9920], 11, "cave_4"], [[384, 9856], 11, "cave_4"], [[400, 9856], 11, "cave_4"], [[416, 9856], 11, "cave_4"], [[432, 9856], 11, "cave_4"], [[448, 9856], 11, "cave_4"], [[464, 9856], 11, "cave_4"], [[480, 9856], 11, "cave_4"], [[496, 9856], 11, "cave_4"], [[384, 9888], 11, "cave_4"], [[400, 9888], 11, "cave_4"], [[416, 9888], 11, "cave_4"], [[432, 9888], 11, "cave_4"], [[448, 9888], 11, "cave_4"], [[464, 9888], 11, "cave_4"], [[496, 9888], 11, "cave_4"], [[496, 9872], 11, "cave_4"], [[464, 9872], 11, "cave_4"], [[416, 9872], 11, "cave_4"], [[432, 9872], 11, "cave_4"], [[448, 9872], 11, "cave_4"], [[480, 9888], 11, "cave_4"], [[480, 9872], 11, "cave_4"], [[384, 9872], 11, "cave_4"], [[400, 9872], 11, "cave_4"]], "2;76": [[[256, 9840], 12, "cave_5"], [[256, 9840], 14, "cave_7"], [[272, 9840], 17, "cave_corner_1"], [[256, 9824], 11, "cave_4"], [[256, 9808], 11, "cave_4"], [[256, 9792], 11, "cave_4"], [[256, 9776], 11, "cave_4"], [[256, 9760], 11, "cave_4"], [[256, 9744], 11, "cave_4"], [[272, 9744], 11, "cave_4"], [[288, 9744], 11, "cave_4"], [[304, 9744], 11, "cave_4"], [[320, 9744], 11, "cave_4"], [[336, 9744], 11, "cave_4"], [[352, 9744], 11, "cave_4"], [[368, 9744], 11, "cave_4"], [[272, 9824], 11, "cave_4"], [[288, 9824], 11, "cave_4"], [[288, 9840], 11, "cave_4"], [[272, 9792], 11, "cave_4"], [[288, 9792], 11, "cave_4"], [[304, 9792], 11, "cave_4"], [[320, 9792], 11, "cave_4"], [[336, 9792], 11, "cave_4"], [[352, 9792], 11, "cave_4"], [[368, 9792], 11, "cave_4"], [[368, 9760], 11, "cave_4"], [[352, 9760], 11, "cave_4"], [[336, 9760], 11, "cave_4"], [[320, 9760], 11, "cave_4"], [[304, 9760], 11, "cave_4"], [[288, 9760], 11, "cave_4"], [[272, 9760], 11, "cave_4"], [[304, 9776], 11, "cave_4"], [[320, 9776], 11, "cave_4"], [[336, 9776], 11, "cave_4"], [[352, 9776], 11, "cave_4"], [[288, 9776], 11, "cave_4"], [[272, 9776], 11, "cave_4"], [[368, 9776], 11, "cave_4"], [[368, 9808], 11, "cave_4"], [[352, 9808], 11, "cave_4"], [[336, 9808], 11, "cave_4"], [[320, 9808], 11, "cave_4"], [[304, 9808], 11, "cave_4"], [[288, 9808], 11, "cave_4"], [[272, 9808], 11, "cave_4"], [[368, 9840], 11, "cave_4"], [[352, 9840], 11, "cave_4"], [[336, 9840], 11, "cave_4"], [[320, 9840], 11, "cave_4"], [[320, 9824], 11, "cave_4"], [[304, 9824], 11, "cave_4"], [[304, 9840], 11, "cave_4"], [[368, 9824], 11, "cave_4"], [[352, 9824], 11, "cave_4"], [[336, 9824], 11, "cave_4"]], "1;76": [[[240, 9840], 12, "cave_5"], [[224, 9840], 12, "cave_5"], [[208, 9840], 12, "cave_5"], [[192, 9840], 12, "cave_5"], [[176, 9840], 12, "cave_5"], [[160, 9840], 12, "cave_5"], [[144, 9840], 12, "cave_5"], [[240, 9840], 14, "cave_7"], [[224, 9840], 14, "cave_7"], [[208, 9840], 14, "cave_7"], [[192, 9840], 14, "cave_7"], [[176, 9840], 14, "cave_7"], [[160, 9840], 14, "cave_7"], [[144, 9840], 14, "cave_7"], [[240, 9744], 11, "cave_4"], [[224, 9744], 11, "cave_4"], [[208, 9744], 11, "cave_4"], [[192, 9744], 11, "cave_4"], [[176, 9744], 11, "cave_4"], [[160, 9744], 11, "cave_4"], [[144, 9744], 11, "cave_4"], [[144, 9824], 11, "cave_4"], [[160, 9824], 11, "cave_4"], [[176, 9824], 11, "cave_4"], [[192, 9824], 11, "cave_4"], [[208, 9824], 11, "cave_4"], [[224, 9824], 11, "cave_4"], [[240, 9824], 11, "cave_4"], [[240, 9808], 11, "cave_4"], [[224, 9808], 11, "cave_4"], [[208, 9808], 11, "cave_4"], [[192, 9808], 11, "cave_4"], [[176, 9808], 11, "cave_4"], [[160, 9808], 11, "cave_4"], [[144, 9808], 11, "cave_4"], [[128, 9808], 11, "cave_4"], [[128, 9760], 11, "cave_4"], [[144, 9760], 11, "cave_4"], [[160, 9760], 11, "cave_4"], [[176, 9760], 11, "cave_4"], [[192, 9760], 11, "cave_4"], [[208, 9760], 11, "cave_4"], [[224, 9760], 11, "cave_4"], [[240, 9760], 11, "cave_4"], [[128, 9776], 11, "cave_4"], [[144, 9776], 11, "cave_4"], [[160, 9776], 11, "cave_4"], [[176, 9776], 11, "cave_4"], [[192, 9776], 11, "cave_4"], [[208, 9776], 11, "cave_4"], [[224, 9776], 11, "cave_4"], [[240, 9776], 11, "cave_4"], [[240, 9792], 11, "cave_4"], [[224, 9792], 11, "cave_4"], [[208, 9792], 11, "cave_4"], [[192, 9792], 11, "cave_4"], [[176, 9792], 11, "cave_4"], [[160, 9792], 11, "cave_4"], [[128, 9792], 11, "cave_4"], [[128, 9840], 16, "cave_corner_0"], [[128, 9824], 11, "cave_4"], [[144, 9792], 11, "cave_4"]], "0;76": [[[96, 9840], 11, "cave_4"], [[112, 9840], 11, "cave_4"], [[112, 9824], 11, "cave_4"], [[16, 9808], 11, "cave_4"], [[16, 9824], 11, "cave_4"], [[0, 9824], 11, "cave_4"], [[0, 9840], 11, "cave_4"], [[112, 9808], 11, "cave_4"], [[96, 9808], 11, "cave_4"], [[96, 9824], 11, "cave_4"], [[80, 9824], 11, "cave_4"], [[80, 9840], 11, "cave_4"], [[64, 9840], 11, "cave_4"], [[48, 9840], 11, "cave_4"], [[32, 9840], 11, "cave_4"], [[0, 9808], 11, "cave_4"], [[16, 9840], 11, "cave_4"], [[32, 9824], 11, "cave_4"], [[48, 9824], 11, "cave_4"], [[48, 9808], 11, "cave_4"], [[80, 9808], 11, "cave_4"], [[64, 9824], 11, "cave_4"], [[32, 9808], 11, "cave_4"], [[112, 9776], 11, "cave_4"], [[112, 9792], 11, "cave_4"], [[96, 9792], 11, "cave_4"], [[64, 9808], 11, "cave_4"]], "-1;76": [[[-96, 9808], 11, "cave_4"], [[-96, 9824], 11, "cave_4"], [[-112, 9824], 11, "cave_4"], [[-112, 9840], 11, "cave_4"], [[-128, 9808], 11, "cave_4"], [[-128, 9824], 11, "cave_4"], [[-128, 9840], 11, "cave_4"], [[-96, 9840], 11, "cave_4"], [[-112, 9808], 11, "cave_4"], [[-64, 9840], 11, "cave_4"], [[-64, 9824], 11, "cave_4"], [[-64, 9808], 11, "cave_4"], [[-80, 9808], 11, "cave_4"], [[-80, 9824], 11, "cave_4"], [[-80, 9840], 11, "cave_4"], [[-48, 9808], 11, "cave_4"], [[-48, 9824], 11, "cave_4"], [[-48, 9840], 11, "cave_4"], [[-32, 9824], 11, "cave_4"], [[-32, 9808], 11, "cave_4"], [[-32, 9840], 11, "cave_4"], [[-16, 9840], 11, "cave_4"], [[-16, 9824], 11, "cave_4"], [[-16, 9808], 11, "cave_4"]], "4;78": [[[512, 10048], 8, "cave_1"], [[528, 10048], 8, "cave_1"], [[544, 10048], 8, "cave_1"], [[560, 10048], 18, "cave_corner_2"], [[560, 10032], 10, "cave_3"], [[560, 10016], 10, "cave_3"], [[560, 10000], 10, "cave_3"], [[512, 9984], 8, "cave_1"], [[528, 9984], 8, "cave_1"], [[544, 9984], 8, "cave_1"], [[560, 9984], 10, "cave_3"], [[544, 10040], 23, "drygrass_props"], [[528, 10040], 23, "drygrass_props"], [[576, 9984], 11, "cave_4"], [[576, 10000], 11, "cave_4"], [[576, 10016], 11, "cave_4"], [[576, 10032], 11, "cave_4"], [[576, 10048], 11, "cave_4"], [[576, 10064], 11, "cave_4"], [[576, 10080], 11, "cave_4"], [[560, 10064], 11, "cave_4"], [[544, 10064], 11, "cave_4"], [[528, 10064], 11, "cave_4"], [[512, 10064], 11, "cave_4"], [[608, 9984], 11, "cave_4"], [[624, 9984], 11, "cave_4"], [[592, 9984], 11, "cave_4"], [[592, 10000], 11, "cave_4"], [[592, 10016], 11, "cave_4"], [[592, 10032], 11, "cave_4"], [[592, 10048], 11, "cave_4"], [[592, 10064], 11, "cave_4"], [[592, 10080], 11, "cave_4"], [[592, 10096], 11, "cave_4"], [[608, 10080], 11, "cave_4"], [[624, 10080], 11, "cave_4"], [[624, 10064], 11, "cave_4"], [[624, 10048], 11, "cave_4"], [[624, 10032], 11, "cave_4"], [[624, 10016], 11, "cave_4"], [[624, 10000], 11, "cave_4"], [[608, 10048], 11, "cave_4"], [[608, 10064], 11, "cave_4"], [[608, 10032], 11, "cave_4"], [[608, 10016], 11, "cave_4"], [[608, 10000], 11, "cave_4"], [[576, 10096], 11, "cave_4"], [[560, 10080], 11, "cave_4"], [[544, 10080], 11, "cave_4"], [[528, 10080], 11, "cave_4"], [[512, 10080], 11, "cave_4"], [[560, 10096], 11, "cave_4"], [[544, 10096], 11, "cave_4"], [[528, 10096], 11, "cave_4"], [[512, 10096], 11, "cave_4"], [[608, 10096], 11, "cave_4"], [[624, 10096], 11, "cave_4"]], "4;77": [[[512, 9952], 9, "cave_2"], [[528, 9952], 9, "cave_2"], [[544, 9952], 9, "cave_2"], [[560, 9968], 10, "cave_3"], [[512, 9952], 14, "cave_7"], [[528, 9952], 14, "cave_7"], [[544, 9952], 14, "cave_7"], [[560, 9952], 17, "cave_corner_1"], [[528, 9976], 23, "drygrass_props"], [[512, 9976], 37, "flowers_props"], [[576, 9968], 11, "cave_4"], [[592, 9968], 11, "cave_4"], [[608, 9968], 11, "cave_4"], [[624, 9968], 11, "cave_4"], [[512, 9936], 11, "cave_4"], [[528, 9936], 11, "cave_4"], [[544, 9936], 11, "cave_4"], [[560, 9936], 11, "cave_4"], [[576, 9936], 11, "cave_4"], [[592, 9936], 11, "cave_4"], [[576, 9952], 11, "cave_4"], [[608, 9856], 11, "cave_4"], [[608, 9872], 11, "cave_4"], [[608, 9888], 11, "cave_4"], [[608, 9904], 11, "cave_4"], [[608, 9920], 11, "cave_4"], [[608, 9936], 11, "cave_4"], [[608, 9952], 11, "cave_4"], [[624, 9952], 11, "cave_4"], [[624, 9936], 11, "cave_4"], [[624, 9920], 11, "cave_4"], [[624, 9904], 11, "cave_4"], [[624, 9888], 11, "cave_4"], [[624, 9872], 11, "cave_4"], [[624, 9856], 11, "cave_4"], [[512, 9904], 11, "cave_4"], [[528, 9904], 11, "cave_4"], [[544, 9904], 11, "cave_4"], [[560, 9904], 11, "cave_4"], [[576, 9904], 11, "cave_4"], [[592, 9904], 11, "cave_4"], [[592, 9888], 11, "cave_4"], [[576, 9888], 11, "cave_4"], [[576, 9872], 11, "cave_4"], [[560, 9872], 11, "cave_4"], [[560, 9856], 11, "cave_4"], [[512, 9920], 11, "cave_4"], [[528, 9920], 11, "cave_4"], [[544, 9920], 11, "cave_4"], [[560, 9920], 11, "cave_4"], [[576, 9920], 11, "cave_4"], [[592, 9920], 11, "cave_4"], [[592, 9952], 11, "cave_4"], [[592, 9872], 11, "cave_4"], [[592, 9856], 11, "cave_4"], [[512, 9856], 11, "cave_4"], [[528, 9856], 11, "cave_4"], [[544, 9856], 11, "cave_4"], [[576, 9856], 11, "cave_4"], [[512, 9888], 11, "cave_4"], [[528, 9888], 11, "cave_4"], [[544, 9888], 11, "cave_4"], [[560, 9888], 11, "cave_4"], [[544, 9872], 11, "cave_4"], [[528, 9872], 11, "cave_4"], [[512, 9872], 11, "cave_4"]], "-2;77": [[[-144, 9952], 11, "cave_4"], [[-160, 9952], 11, "cave_4"], [[-176, 9952], 11, "cave_4"], [[-192, 9952], 11, "cave_4"], [[-192, 9936], 11, "cave_4"], [[-192, 9920], 11, "cave_4"], [[-192, 9904], 11, "cave_4"], [[-192, 9888], 11, "cave_4"], [[-192, 9872], 11, "cave_4"], [[-192, 9856], 11, "cave_4"], [[-176, 9856], 11, "cave_4"], [[-176, 9872], 11, "cave_4"], [[-176, 9904], 11, "cave_4"], [[-176, 9920], 11, "cave_4"], [[-176, 9936], 11, "cave_4"], [[-160, 9936], 11, "cave_4"], [[-160, 9920], 11, "cave_4"], [[-144, 9920], 11, "cave_4"], [[-144, 9904], 11, "cave_4"], [[-160, 9888], 11, "cave_4"], [[-160, 9872], 11, "cave_4"], [[-160, 9856], 11, "cave_4"], [[-160, 9904], 11, "cave_4"], [[-176, 9888], 11, "cave_4"], [[-144, 9856], 11, "cave_4"], [[-144, 9936], 11, "cave_4"], [[-144, 9888], 11, "cave_4"], [[-144, 9872], 11, "cave_4"], [[-192, 9968], 11, "cave_4"], [[-160, 9968], 11, "cave_4"], [[-176, 9968], 11, "cave_4"], [[-144, 9968], 11, "cave_4"]], "-2;78": [[[-192, 10016], 11, "cave_4"], [[-192, 10032], 11, "cave_4"], [[-192, 10048], 11, "cave_4"], [[-192, 10064], 11, "cave_4"], [[-192, 10080], 11, "cave_4"], [[-192, 10096], 11, "cave_4"], [[-160, 10096], 11, "cave_4"], [[-160, 10080], 11, "cave_4"], [[-160, 10064], 11, "cave_4"], [[-160, 10048], 11, "cave_4"], [[-160, 10032], 11, "cave_4"], [[-160, 10016], 11, "cave_4"], [[-160, 10000], 11, "cave_4"], [[-160, 9984], 11, "cave_4"], [[-192, 9984], 11, "cave_4"], [[-176, 10000], 11, "cave_4"], [[-192, 10000], 11, "cave_4"], [[-176, 9984], 11, "cave_4"], [[-176, 10016], 11, "cave_4"], [[-176, 10048], 11, "cave_4"], [[-176, 10064], 11, "cave_4"], [[-176, 10080], 11, "cave_4"], [[-176, 10096], 11, "cave_4"], [[-144, 10096], 11, "cave_4"], [[-144, 9984], 11, "cave_4"], [[-176, 10032], 11, "cave_4"], [[-144, 10032], 11, "cave_4"], [[-144, 10000], 11, "cave_4"], [[-144, 10016], 11, "cave_4"], [[-144, 10048], 11, "cave_4"], [[-144, 10064], 11, "cave_4"], [[-144, 10080], 11, "cave_4"]], "-2;79": [[[-144, 10208], 11, "cave_4"], [[-160, 10208], 11, "cave_4"], [[-192, 10112], 11, "cave_4"], [[-160, 10192], 11, "cave_4"], [[-144, 10192], 11, "cave_4"], [[-144, 10176], 11, "cave_4"], [[-160, 10176], 11, "cave_4"], [[-176, 10160], 11, "cave_4"], [[-144, 10160], 11, "cave_4"], [[-160, 10160], 11, "cave_4"], [[-160, 10144], 11, "cave_4"], [[-160, 10128], 11, "cave_4"], [[-160, 10112], 11, "cave_4"], [[-144, 10112], 11, "cave_4"], [[-144, 10144], 11, "cave_4"], [[-144, 10128], 11, "cave_4"], [[-192, 10160], 11, "cave_4"], [[-192, 10176], 11, "cave_4"], [[-192, 10192], 11, "cave_4"], [[-192, 10208], 11, "cave_4"], [[-176, 10208], 11, "cave_4"], [[-176, 10192], 11, "cave_4"], [[-176, 10176], 11, "cave_4"], [[-192, 10128], 11, "cave_4"], [[-176, 10128], 11, "cave_4"], [[-176, 10112], 11, "cave_4"], [[-192, 10144], 11, "cave_4"], [[-176, 10144], 11, "cave_4"]], "5;79": [[[720, 10112], 11, "cave_4"], [[720, 10128], 11, "cave_4"], [[720, 10144], 11, "cave_4"], [[704, 10112], 11, "cave_4"], [[704, 10128], 11, "cave_4"], [[704, 10144], 11, "cave_4"], [[640, 10128], 11, "cave_4"], [[656, 10128], 11, "cave_4"], [[672, 10128], 11, "cave_4"], [[688, 10128], 11, "cave_4"], [[688, 10112], 11, "cave_4"], [[656, 10112], 11, "cave_4"], [[672, 10112], 11, "cave_4"], [[640, 10112], 11, "cave_4"], [[688, 10144], 11, "cave_4"], [[672, 10144], 11, "cave_4"], [[656, 10144], 11, "cave_4"], [[640, 10144], 11, "cave_4"]], "5;77": [[[688, 9968], 11, "cave_4"], [[640, 9968], 11, "cave_4"], [[656, 9968], 11, "cave_4"], [[672, 9968], 11, "cave_4"], [[704, 9968], 11, "cave_4"], [[720, 9968], 11, "cave_4"], [[720, 9952], 11, "cave_4"], [[720, 9936], 11, "cave_4"], [[720, 9920], 11, "cave_4"], [[720, 9904], 11, "cave_4"], [[720, 9888], 11, "cave_4"], [[720, 9872], 11, "cave_4"], [[720, 9856], 11, "cave_4"], [[672, 9952], 11, "cave_4"], [[688, 9952], 11, "cave_4"], [[688, 9936], 11, "cave_4"], [[688, 9920], 11, "cave_4"], [[672, 9904], 11, "cave_4"], [[672, 9888], 11, "cave_4"], [[672, 9872], 11, "cave_4"], [[672, 9856], 11, "cave_4"], [[640, 9856], 11, "cave_4"], [[640, 9872], 11, "cave_4"], [[640, 9888], 11, "cave_4"], [[640, 9904], 11, "cave_4"], [[640, 9920], 11, "cave_4"], [[640, 9936], 11, "cave_4"], [[640, 9952], 11, "cave_4"], [[656, 9872], 11, "cave_4"], [[656, 9888], 11, "cave_4"], [[656, 9904], 11, "cave_4"], [[656, 9920], 11, "cave_4"], [[656, 9936], 11, "cave_4"], [[656, 9952], 11, "cave_4"], [[704, 9952], 11, "cave_4"], [[704, 9936], 11, "cave_4"], [[704, 9920], 11, "cave_4"], [[704, 9904], 11, "cave_4"], [[704, 9888], 11, "cave_4"], [[704, 9872], 11, "cave_4"], [[704, 9856], 11, "cave_4"], [[688, 9856], 11, "cave_4"], [[688, 9872], 11, "cave_4"], [[688, 9888], 11, "cave_4"], [[688, 9904], 11, "cave_4"], [[672, 9920], 11, "cave_4"], [[672, 9936], 11, "cave_4"], [[656, 9856], 11, "cave_4"]], "5;78": [[[720, 9984], 11, "cave_4"], [[720, 10000], 11, "cave_4"], [[720, 10016], 11, "cave_4"], [[720, 10032], 11, "cave_4"], [[720, 10048], 11, "cave_4"], [[720, 10064], 11, "cave_4"], [[720, 10080], 11, "cave_4"], [[720, 10096], 11, "cave_4"], [[640, 9984], 11, "cave_4"], [[640, 10000], 11, "cave_4"], [[656, 10000], 11, "cave_4"], [[656, 9984], 11, "cave_4"], [[672, 9984], 11, "cave_4"], [[688, 9984], 11, "cave_4"], [[704, 9984], 11, "cave_4"], [[704, 10000], 11, "cave_4"], [[688, 10000], 11, "cave_4"], [[672, 10000], 11, "cave_4"], [[640, 10016], 11, "cave_4"], [[640, 10032], 11, "cave_4"], [[640, 10048], 11, "cave_4"], [[640, 10064], 11, "cave_4"], [[640, 10080], 11, "cave_4"], [[656, 10080], 11, "cave_4"], [[672, 10080], 11, "cave_4"], [[688, 10080], 11, "cave_4"], [[688, 10064], 11, "cave_4"], [[704, 10048], 11, "cave_4"], [[704, 10032], 11, "cave_4"], [[704, 10016], 11, "cave_4"], [[688, 10016], 11, "cave_4"], [[672, 10016], 11, "cave_4"], [[656, 10032], 11, "cave_4"], [[656, 10048], 11, "cave_4"], [[672, 10048], 11, "cave_4"], [[672, 10064], 11, "cave_4"], [[704, 10064], 11, "cave_4"], [[688, 10032], 11, "cave_4"], [[672, 10032], 11, "cave_4"], [[656, 10016], 11, "cave_4"], [[688, 10048], 11, "cave_4"], [[656, 10064], 11, "cave_4"], [[704, 10080], 11, "cave_4"], [[704, 10096], 11, "cave_4"], [[672, 10096], 11, "cave_4"], [[656, 10096], 11, "cave_4"], [[640, 10096], 11, "cave_4"], [[688, 10096], 11, "cave_4"]], "5;76": [], "3;76": [[[384, 9744], 11, "cave_4"], [[400, 9744], 11, "cave_4"], [[416, 9744], 11, "cave_4"], [[432, 9744], 11, "cave_4"], [[384, 9792], 11, "cave_4"], [[400, 9792], 11, "cave_4"], [[416, 9792], 11, "cave_4"], [[432, 9760], 11, "cave_4"], [[416, 9760], 11, "cave_4"], [[400, 9760], 11, "cave_4"], [[384, 9760], 11, "cave_4"], [[384, 9776], 11, "cave_4"], [[400, 9776], 11, "cave_4"], [[416, 9776], 11, "cave_4"], [[432, 9808], 11, "cave_4"], [[416, 9808], 11, "cave_4"], [[400, 9808], 11, "cave_4"], [[384, 9808], 11, "cave_4"], [[416, 9824], 11, "cave_4"], [[400, 9824], 11, "cave_4"], [[384, 9840], 11, "cave_4"], [[432, 9824], 11, "cave_4"], [[384, 9824], 11, "cave_4"], [[432, 9840], 11, "cave_4"], [[416, 9840], 11, "cave_4"], [[400, 9840], 11, "cave_4"], [[432, 9776], 11, "cave_4"], [[432, 9792], 11, "cave_4"]], "4;76": [], "-2;76": [[[-192, 9840], 11, "cave_4"], [[-192, 9824], 11, "cave_4"], [[-192, 9808], 11, "cave_4"], [[-176, 9808], 11, "cave_4"], [[-176, 9824], 11, "cave_4"], [[-176, 9840], 11, "cave_4"], [[-160, 9840], 11, "cave_4"], [[-160, 9824], 11, "cave_4"], [[-160, 9808], 11, "cave_4"], [[-144, 9840], 11, "cave_4"], [[-144, 9824], 11, "cave_4"], [[-144, 9808], 11, "cave_4"]]}, "object": [[[160, 10064], 79, "strange_door"], [[192, 10104], 70, "loot_box"], [[208, 10104], 70, "loot_box"], [[224, 10104], 70, "loot_box"], [[208, 9900], 75, "save_point"], [[416, 9968], 81, "trap_spike"], [[432, 9968], 81, "trap_spike"], [[448, 9968], 81, "trap_spike"], [[464, 9968], 81, "trap_spike"], [[480, 9968], 81, "trap_spike"], [[496, 9968], 81, "trap_spike"], [[512, 9968], 81, "trap_spike"], [[528, 9968], 81, "trap_spike"], [[544, 9976], 70, "loot_box"], [[320, 10108], 63, "buttom"], [[520, 10024], 65, "door"], [[176, 10064], 76, "spikes"], [[192, 10064], 76, "spikes"], [[208, 10064], 76, "spikes"], [[224, 10064], 76, "spikes"], [[240, 10064], 76, "spikes"], [[-32, 9920], 76, "spikes"], [[-16, 9920], 76, "spikes"], [[0, 9920], 76, "spikes"], [[240, 9856], 76, "spikes"], [[256, 9856], 76, "spikes"], [[-32, 10000], 83, "vase"], [[160, 10016], 83, "vase"], [[432, 10096], 83, "vase"], [[96, 10040], 80, "tiki_torch_props"], [[40, 9944], 80, "tiki_torch_props"], [[192, 9896], 80, "tiki_torch_props"], [[216, 9960], 80, "tiki_torch_props"], [[504, 10024], 80, "tiki_torch_props"], [[368, 10088], 80, "tiki_torch_props"], [[-24, 9984], 64, "coin"], [[-8, 10000], 64, "coin"], [[0, 10024], 64, "coin"], [[8, 10048], 64, "coin"], [[-16, 9960], 64, "coin"], [[0, 9952], 64, "coin"], [[16, 9944], 64, "coin"], [[224, 9888], 64, "coin"], [[240, 9896], 64, "coin"], [[248, 9912], 64, "coin"], [[248, 9928], 64, "coin"], [[248, 9944], 64, "coin"], [[408, 9960], 80, "tiki_torch_props"], [[344, 10032], 64, "coin"], [[344, 10048], 64, "coin"], [[344, 10064], 64, "coin"], [[344, 10080], 64, "coin"], [[360, 10080], 64, "coin"], [[360, 10064], 64, "coin"], [[360, 10048], 64, "coin"], [[360, 10032], 64, "coin"], [[376, 10032], 64, "coin"], [[376, 10048], 64, "coin"], [[376, 10064], 64, "coin"], [[376, 10080], 64, "coin"], [[392, 10080], 64, "coin"], [[392, 10064], 64, "coin"], [[392, 10048], 64, "coin"], [[392, 10032], 64, "coin"], [[288, 10016], 78, "stone"]], "entity": [[[128, 10096], 89, "goblin"], [[64, 10048], 88, "bomber_goblin"], [[480, 10032], 88, "bomber_goblin"], [[176, 9904], 91, "mushroom"], [[48, 9952], 89, "goblin"], [[224, 9968], 88, "bomber_goblin"], [[64, 10096], 90, "herochar"]], "variable": {}}