{"tile": {"0;80": [[[0, 10256], 11, "cave_4"], [[16, 10256], 11, "cave_4"], [[32, 10256], 11, "cave_4"], [[48, 10256], 11, "cave_4"], [[64, 10256], 11, "cave_4"], [[80, 10256], 11, "cave_4"], [[96, 10256], 11, "cave_4"], [[112, 10256], 11, "cave_4"], [[0, 10240], 11, "cave_4"], [[32, 10240], 11, "cave_4"], [[48, 10240], 11, "cave_4"], [[64, 10240], 11, "cave_4"], [[80, 10240], 11, "cave_4"], [[96, 10240], 11, "cave_4"], [[112, 10240], 11, "cave_4"], [[16, 10240], 11, "cave_4"]], "0;78": [[[0, 10080], 8, "cave_1"], [[16, 10080], 8, "cave_1"], [[48, 10080], 8, "cave_1"], [[0, 10016], 8, "cave_1"], [[0, 10000], 8, "cave_1"], [[0, 9984], 8, "cave_1"], [[64, 10000], 8, "cave_1"], [[0, 10016], 12, "cave_5"], [[0, 10000], 12, "cave_5"], [[0, 9984], 12, "cave_5"], [[48, 10096], 14, "cave_7"], [[32, 10096], 14, "cave_7"], [[16, 10096], 14, "cave_7"], [[0, 10096], 16, "cave_corner_0"], [[64, 10096], 15, "cave_8"], [[64, 10080], 9, "cave_2"], [[112, 9984], 14, "cave_7"], [[96, 9984], 14, "cave_7"], [[80, 9984], 14, "cave_7"], [[48, 9984], 10, "cave_3"], [[48, 10000], 10, "cave_3"], [[64, 10000], 12, "cave_5"], [[64, 9984], 16, "cave_corner_0"], [[0, 10016], 15, "cave_8"], [[32, 10072], 23, "drygrass_props"], [[48, 10072], 23, "drygrass_props"], [[64, 10072], 23, "drygrass_props"], [[0, 10072], 23, "drygrass_props"], [[0, 10072], 37, "flowers_props"], [[32, 10072], 37, "flowers_props"], [[32, 10080], 8, "cave_1"], [[32, 10032], 20, "cave_fly_0"], [[16, 9984], 22, "cave_fly_2"], [[48, 10016], 10, "cave_3"], [[48, 10032], 14, "cave_7"], [[64, 10032], 15, "cave_8"], [[64, 10016], 12, "cave_5"]], "0;79": [[[0, 10112], 8, "cave_1"], [[0, 10128], 8, "cave_1"], [[16, 10144], 8, "cave_1"], [[32, 10144], 8, "cave_1"], [[48, 10144], 8, "cave_1"], [[64, 10144], 8, "cave_1"], [[80, 10144], 8, "cave_1"], [[96, 10144], 8, "cave_1"], [[0, 10112], 12, "cave_5"], [[0, 10128], 12, "cave_5"], [[0, 10144], 19, "cave_corner_3"], [[112, 10128], 7, "cave_0"], [[112, 10144], 18, "cave_corner_2"], [[0, 10160], 14, "cave_7"], [[16, 10160], 14, "cave_7"], [[32, 10160], 14, "cave_7"], [[48, 10160], 14, "cave_7"], [[64, 10160], 14, "cave_7"], [[80, 10160], 14, "cave_7"], [[96, 10160], 14, "cave_7"], [[112, 10160], 14, "cave_7"], [[0, 10176], 11, "cave_4"], [[16, 10176], 11, "cave_4"], [[0, 10192], 11, "cave_4"], [[0, 10208], 11, "cave_4"], [[0, 10224], 11, "cave_4"], [[112, 10208], 11, "cave_4"], [[80, 10208], 11, "cave_4"], [[48, 10208], 11, "cave_4"], [[16, 10208], 11, "cave_4"], [[32, 10224], 11, "cave_4"], [[32, 10208], 11, "cave_4"], [[16, 10224], 11, "cave_4"], [[16, 10192], 11, "cave_4"], [[32, 10192], 11, "cave_4"], [[48, 10176], 11, "cave_4"], [[32, 10176], 11, "cave_4"], [[64, 10176], 11, "cave_4"], [[80, 10176], 11, "cave_4"], [[96, 10176], 11, "cave_4"], [[112, 10176], 11, "cave_4"], [[80, 10192], 11, "cave_4"], [[64, 10192], 11, "cave_4"], [[48, 10192], 11, "cave_4"], [[64, 10208], 11, "cave_4"], [[48, 10224], 11, "cave_4"], [[80, 10224], 11, "cave_4"], [[96, 10224], 11, "cave_4"], [[112, 10192], 11, "cave_4"], [[96, 10192], 11, "cave_4"], [[64, 10224], 11, "cave_4"], [[112, 10224], 11, "cave_4"], [[96, 10208], 11, "cave_4"], [[16, 10136], 23, "drygrass_props"], [[32, 10136], 23, "drygrass_props"], [[64, 10136], 23, "drygrass_props"], [[80, 10136], 23, "drygrass_props"], [[48, 10136], 37, "flowers_props"], [[96, 10136], 37, "flowers_props"]], "0;77": [[[0, 9968], 8, "cave_1"], [[0, 9952], 8, "cave_1"], [[64, 9968], 8, "cave_1"], [[112, 9968], 8, "cave_1"], [[0, 9936], 8, "cave_1"], [[64, 9888], 8, "cave_1"], [[64, 9872], 8, "cave_1"], [[0, 9888], 8, "cave_1"], [[0, 9872], 8, "cave_1"], [[0, 9856], 8, "cave_1"], [[64, 9856], 8, "cave_1"], [[16, 9920], 8, "cave_1"], [[32, 9920], 8, "cave_1"], [[48, 9920], 8, "cave_1"], [[64, 9920], 8, "cave_1"], [[0, 9968], 12, "cave_5"], [[0, 9936], 12, "cave_5"], [[0, 9952], 12, "cave_5"], [[0, 9888], 12, "cave_5"], [[0, 9856], 12, "cave_5"], [[0, 9872], 12, "cave_5"], [[48, 9968], 7, "cave_0"], [[80, 9968], 8, "cave_1"], [[96, 9968], 8, "cave_1"], [[16, 9920], 14, "cave_7"], [[32, 9920], 14, "cave_7"], [[64, 9920], 14, "cave_7"], [[48, 9920], 14, "cave_7"], [[16, 9904], 8, "cave_1"], [[32, 9904], 8, "cave_1"], [[48, 9904], 8, "cave_1"], [[64, 9856], 10, "cave_3"], [[64, 9872], 10, "cave_3"], [[64, 9888], 10, "cave_3"], [[80, 9856], 12, "cave_5"], [[80, 9872], 12, "cave_5"], [[80, 9888], 12, "cave_5"], [[80, 9904], 12, "cave_5"], [[80, 9920], 15, "cave_8"], [[64, 9904], 18, "cave_corner_2"], [[0, 9920], 16, "cave_corner_0"], [[0, 9904], 19, "cave_corner_3"], [[96, 9920], 22, "cave_fly_2"], [[16, 9896], 23, "drygrass_props"], [[32, 9896], 23, "drygrass_props"], [[64, 9960], 23, "drygrass_props"], [[96, 9960], 23, "drygrass_props"], [[112, 9960], 23, "drygrass_props"], [[32, 9896], 37, "flowers_props"], [[96, 9912], 37, "flowers_props"], [[48, 9960], 37, "flowers_props"], [[16, 9856], 22, "cave_fly_2"]], "1;77": [[[144, 9968], 8, "cave_1"], [[160, 9968], 8, "cave_1"], [[128, 9968], 8, "cave_1"], [[176, 9968], 8, "cave_1"], [[192, 9968], 8, "cave_1"], [[144, 9904], 10, "cave_3"], [[144, 9888], 10, "cave_3"], [[144, 9872], 10, "cave_3"], [[144, 9856], 10, "cave_3"], [[160, 9856], 12, "cave_5"], [[160, 9872], 12, "cave_5"], [[160, 9888], 12, "cave_5"], [[160, 9904], 12, "cave_5"], [[144, 9920], 13, "cave_6"], [[160, 9920], 15, "cave_8"], [[224, 9936], 8, "cave_1"], [[208, 9952], 7, "cave_0"], [[224, 9936], 10, "cave_3"], [[208, 9968], 18, "cave_corner_2"], [[224, 9952], 18, "cave_corner_2"], [[240, 9952], 12, "cave_5"], [[224, 9904], 7, "cave_0"], [[224, 9920], 10, "cave_3"], [[240, 9904], 8, "cave_1"], [[240, 9936], 12, "cave_5"], [[240, 9920], 16, "cave_corner_0"], [[240, 9968], 19, "cave_corner_3"], [[224, 9968], 11, "cave_4"], [[128, 9872], 20, "cave_fly_0"], [[176, 9856], 22, "cave_fly_2"], [[224, 9896], 23, "drygrass_props"], [[240, 9896], 23, "drygrass_props"], [[144, 9960], 23, "drygrass_props"], [[160, 9960], 23, "drygrass_props"], [[176, 9960], 23, "drygrass_props"], [[128, 9960], 37, "flowers_props"], [[144, 9960], 37, "flowers_props"], [[160, 9960], 37, "flowers_props"], [[240, 9896], 37, "flowers_props"]], "0;76": [[[0, 9840], 8, "cave_1"], [[0, 9824], 8, "cave_1"], [[0, 9808], 8, "cave_1"], [[0, 9792], 8, "cave_1"], [[0, 9776], 8, "cave_1"], [[0, 9760], 8, "cave_1"], [[64, 9808], 8, "cave_1"], [[64, 9792], 8, "cave_1"], [[112, 9728], 8, "cave_1"], [[96, 9728], 8, "cave_1"], [[80, 9728], 8, "cave_1"], [[64, 9728], 8, "cave_1"], [[48, 9728], 8, "cave_1"], [[32, 9728], 8, "cave_1"], [[16, 9728], 8, "cave_1"], [[48, 9824], 8, "cave_1"], [[0, 9840], 12, "cave_5"], [[0, 9824], 12, "cave_5"], [[0, 9808], 12, "cave_5"], [[0, 9792], 12, "cave_5"], [[0, 9776], 12, "cave_5"], [[0, 9760], 12, "cave_5"], [[48, 9824], 7, "cave_0"], [[48, 9840], 13, "cave_6"], [[64, 9792], 10, "cave_3"], [[64, 9808], 10, "cave_3"], [[64, 9792], 7, "cave_0"], [[80, 9792], 9, "cave_2"], [[80, 9808], 12, "cave_5"], [[96, 9840], 15, "cave_8"], [[96, 9824], 9, "cave_2"], [[64, 9824], 18, "cave_corner_2"], [[64, 9840], 17, "cave_corner_1"], [[80, 9824], 19, "cave_corner_3"], [[80, 9840], 16, "cave_corner_0"], [[16, 9728], 14, "cave_7"], [[32, 9728], 14, "cave_7"], [[48, 9728], 14, "cave_7"], [[64, 9728], 14, "cave_7"], [[80, 9728], 14, "cave_7"], [[96, 9728], 14, "cave_7"], [[112, 9728], 14, "cave_7"], [[0, 9744], 12, "cave_5"], [[0, 9728], 16, "cave_corner_0"], [[64, 9784], 23, "drygrass_props"], [[80, 9784], 23, "drygrass_props"]], "0;75": [[[0, 9696], 8, "cave_1"], [[0, 9680], 8, "cave_1"], [[0, 9664], 8, "cave_1"], [[0, 9648], 8, "cave_1"], [[0, 9632], 8, "cave_1"], [[0, 9600], 8, "cave_1"], [[0, 9616], 8, "cave_1"], [[16, 9712], 8, "cave_1"], [[0, 9696], 12, "cave_5"], [[0, 9680], 12, "cave_5"], [[0, 9664], 12, "cave_5"], [[0, 9648], 12, "cave_5"], [[0, 9632], 12, "cave_5"], [[0, 9616], 12, "cave_5"], [[0, 9600], 12, "cave_5"], [[32, 9712], 8, "cave_1"], [[48, 9712], 8, "cave_1"], [[64, 9712], 8, "cave_1"], [[80, 9712], 8, "cave_1"], [[96, 9712], 8, "cave_1"], [[112, 9712], 8, "cave_1"], [[0, 9712], 19, "cave_corner_3"], [[112, 9632], 14, "cave_7"], [[96, 9632], 14, "cave_7"], [[80, 9632], 14, "cave_7"], [[64, 9632], 13, "cave_6"], [[80, 9616], 8, "cave_1"], [[96, 9616], 8, "cave_1"], [[112, 9616], 8, "cave_1"], [[64, 9616], 7, "cave_0"], [[80, 9608], 23, "drygrass_props"], [[96, 9608], 23, "drygrass_props"], [[112, 9608], 23, "drygrass_props"], [[16, 9704], 23, "drygrass_props"], [[64, 9704], 23, "drygrass_props"], [[80, 9704], 23, "drygrass_props"], [[96, 9704], 23, "drygrass_props"], [[112, 9704], 23, "drygrass_props"], [[64, 9608], 37, "flowers_props"], [[32, 9704], 37, "flowers_props"], [[112, 9704], 37, "flowers_props"]], "1;79": [[[176, 10144], 8, "cave_1"], [[192, 10144], 8, "cave_1"], [[208, 10144], 8, "cave_1"], [[224, 10144], 8, "cave_1"], [[240, 10144], 8, "cave_1"], [[128, 10112], 10, "cave_3"], [[128, 10128], 18, "cave_corner_2"], [[144, 10112], 12, "cave_5"], [[160, 10128], 9, "cave_2"], [[144, 10128], 19, "cave_corner_3"], [[160, 10144], 19, "cave_corner_3"], [[128, 10160], 14, "cave_7"], [[144, 10160], 14, "cave_7"], [[160, 10160], 14, "cave_7"], [[176, 10160], 14, "cave_7"], [[208, 10160], 14, "cave_7"], [[224, 10160], 14, "cave_7"], [[240, 10160], 14, "cave_7"], [[192, 10160], 14, "cave_7"], [[128, 10144], 11, "cave_4"], [[144, 10144], 11, "cave_4"], [[224, 10208], 11, "cave_4"], [[192, 10208], 11, "cave_4"], [[128, 10208], 11, "cave_4"], [[128, 10176], 11, "cave_4"], [[144, 10176], 11, "cave_4"], [[160, 10176], 11, "cave_4"], [[176, 10176], 11, "cave_4"], [[192, 10176], 11, "cave_4"], [[208, 10176], 11, "cave_4"], [[224, 10176], 11, "cave_4"], [[128, 10192], 11, "cave_4"], [[128, 10224], 11, "cave_4"], [[144, 10224], 11, "cave_4"], [[176, 10224], 11, "cave_4"], [[192, 10224], 11, "cave_4"], [[208, 10224], 11, "cave_4"], [[224, 10224], 11, "cave_4"], [[240, 10224], 11, "cave_4"], [[240, 10208], 11, "cave_4"], [[160, 10208], 11, "cave_4"], [[144, 10208], 11, "cave_4"], [[144, 10192], 11, "cave_4"], [[160, 10192], 11, "cave_4"], [[160, 10224], 11, "cave_4"], [[176, 10208], 11, "cave_4"], [[176, 10192], 11, "cave_4"], [[192, 10192], 11, "cave_4"], [[208, 10208], 11, "cave_4"], [[224, 10192], 11, "cave_4"], [[208, 10192], 11, "cave_4"], [[240, 10192], 11, "cave_4"], [[240, 10176], 11, "cave_4"], [[176, 10136], 23, "drygrass_props"], [[192, 10136], 23, "drygrass_props"], [[224, 10136], 23, "drygrass_props"], [[192, 10136], 37, "flowers_props"], [[224, 10136], 37, "flowers_props"]], "1;78": [[[128, 10032], 8, "cave_1"], [[144, 10032], 8, "cave_1"], [[160, 10032], 8, "cave_1"], [[176, 10032], 8, "cave_1"], [[128, 10048], 10, "cave_3"], [[128, 10064], 10, "cave_3"], [[128, 10080], 10, "cave_3"], [[128, 10096], 10, "cave_3"], [[128, 10032], 7, "cave_0"], [[144, 10064], 12, "cave_5"], [[144, 10080], 12, "cave_5"], [[144, 10096], 12, "cave_5"], [[144, 10048], 16, "cave_corner_0"], [[160, 10048], 14, "cave_7"], [[176, 10048], 14, "cave_7"], [[192, 10048], 15, "cave_8"], [[192, 10032], 9, "cave_2"], [[240, 10080], 7, "cave_0"], [[240, 10096], 13, "cave_6"], [[240, 9984], 14, "cave_7"], [[224, 9984], 14, "cave_7"], [[208, 9984], 14, "cave_7"], [[192, 9984], 14, "cave_7"], [[176, 9984], 14, "cave_7"], [[160, 9984], 14, "cave_7"], [[144, 9984], 14, "cave_7"], [[128, 9984], 14, "cave_7"], [[144, 10024], 23, "drygrass_props"], [[160, 10024], 23, "drygrass_props"], [[192, 10024], 23, "drygrass_props"], [[128, 10024], 37, "flowers_props"], [[176, 10024], 37, "flowers_props"]], "2;79": [[[256, 10144], 8, "cave_1"], [[272, 10144], 8, "cave_1"], [[288, 10144], 8, "cave_1"], [[320, 10144], 8, "cave_1"], [[304, 10144], 8, "cave_1"], [[352, 10112], 8, "cave_1"], [[336, 10128], 7, "cave_0"], [[352, 10112], 10, "cave_3"], [[368, 10112], 12, "cave_5"], [[368, 10128], 12, "cave_5"], [[336, 10144], 18, "cave_corner_2"], [[352, 10128], 18, "cave_corner_2"], [[368, 10144], 19, "cave_corner_3"], [[256, 10160], 14, "cave_7"], [[272, 10160], 14, "cave_7"], [[288, 10160], 14, "cave_7"], [[304, 10160], 14, "cave_7"], [[320, 10160], 14, "cave_7"], [[336, 10160], 14, "cave_7"], [[352, 10160], 14, "cave_7"], [[368, 10160], 14, "cave_7"], [[352, 10144], 11, "cave_4"], [[336, 10208], 11, "cave_4"], [[288, 10208], 11, "cave_4"], [[256, 10208], 11, "cave_4"], [[256, 10224], 11, "cave_4"], [[272, 10224], 11, "cave_4"], [[288, 10224], 11, "cave_4"], [[304, 10224], 11, "cave_4"], [[336, 10224], 11, "cave_4"], [[352, 10224], 11, "cave_4"], [[368, 10224], 11, "cave_4"], [[352, 10208], 11, "cave_4"], [[320, 10208], 11, "cave_4"], [[304, 10208], 11, "cave_4"], [[272, 10208], 11, "cave_4"], [[256, 10192], 11, "cave_4"], [[272, 10192], 11, "cave_4"], [[288, 10192], 11, "cave_4"], [[320, 10192], 11, "cave_4"], [[336, 10192], 11, "cave_4"], [[352, 10192], 11, "cave_4"], [[368, 10192], 11, "cave_4"], [[304, 10176], 11, "cave_4"], [[272, 10176], 11, "cave_4"], [[256, 10176], 11, "cave_4"], [[288, 10176], 11, "cave_4"], [[320, 10176], 11, "cave_4"], [[304, 10192], 11, "cave_4"], [[336, 10176], 11, "cave_4"], [[352, 10176], 11, "cave_4"], [[368, 10176], 11, "cave_4"], [[320, 10224], 11, "cave_4"], [[368, 10208], 11, "cave_4"], [[256, 10136], 23, "drygrass_props"], [[272, 10136], 23, "drygrass_props"], [[288, 10136], 23, "drygrass_props"], [[304, 10136], 23, "drygrass_props"], [[320, 10136], 23, "drygrass_props"], [[256, 10136], 37, "flowers_props"], [[272, 10136], 37, "flowers_props"]], "2;78": [[[352, 10080], 8, "cave_1"], [[288, 10096], 15, "cave_8"], [[288, 10080], 9, "cave_2"], [[256, 10096], 14, "cave_7"], [[256, 10000], 10, "cave_3"], [[256, 10016], 10, "cave_3"], [[256, 10032], 10, "cave_3"], [[256, 10048], 10, "cave_3"], [[256, 10064], 10, "cave_3"], [[272, 10000], 12, "cave_5"], [[272, 10016], 12, "cave_5"], [[272, 10032], 12, "cave_5"], [[272, 10048], 12, "cave_5"], [[272, 10064], 12, "cave_5"], [[256, 10080], 18, "cave_corner_2"], [[272, 10080], 19, "cave_corner_3"], [[272, 10096], 14, "cave_7"], [[288, 9984], 14, "cave_7"], [[304, 9984], 14, "cave_7"], [[320, 9984], 14, "cave_7"], [[336, 9984], 14, "cave_7"], [[352, 9984], 14, "cave_7"], [[256, 9984], 17, "cave_corner_1"], [[272, 9984], 16, "cave_corner_0"], [[352, 10096], 8, "cave_1"], [[352, 10032], 8, "cave_1"], [[352, 10048], 8, "cave_1"], [[352, 10064], 8, "cave_1"], [[352, 10096], 10, "cave_3"], [[352, 10080], 10, "cave_3"], [[352, 10064], 10, "cave_3"], [[352, 10048], 10, "cave_3"], [[368, 10064], 12, "cave_5"], [[368, 10048], 12, "cave_5"], [[352, 10032], 7, "cave_0"], [[368, 10032], 9, "cave_2"], [[368, 10080], 19, "cave_corner_3"], [[368, 10096], 16, "cave_corner_0"], [[368, 9984], 15, "cave_8"], [[352, 10024], 23, "drygrass_props"], [[368, 10024], 23, "drygrass_props"], [[352, 10024], 37, "flowers_props"]], "3;78": [[[464, 9984], 8, "cave_1"], [[480, 9984], 8, "cave_1"], [[496, 9984], 8, "cave_1"], [[384, 10080], 8, "cave_1"], [[384, 10080], 9, "cave_2"], [[384, 10096], 15, "cave_8"], [[448, 10096], 8, "cave_1"], [[448, 10080], 8, "cave_1"], [[448, 10064], 8, "cave_1"], [[448, 10048], 8, "cave_1"], [[448, 10032], 8, "cave_1"], [[448, 10016], 8, "cave_1"], [[448, 10000], 8, "cave_1"], [[448, 10000], 10, "cave_3"], [[448, 10016], 10, "cave_3"], [[448, 10032], 10, "cave_3"], [[448, 10048], 10, "cave_3"], [[448, 10064], 10, "cave_3"], [[448, 10080], 10, "cave_3"], [[448, 10096], 10, "cave_3"], [[464, 10016], 12, "cave_5"], [[464, 10032], 12, "cave_5"], [[464, 10048], 12, "cave_5"], [[464, 10064], 12, "cave_5"], [[464, 10080], 12, "cave_5"], [[464, 10096], 12, "cave_5"], [[448, 9984], 7, "cave_0"], [[480, 10000], 14, "cave_7"], [[496, 10000], 14, "cave_7"], [[464, 10000], 16, "cave_corner_0"]], "3;79": [[[384, 10144], 8, "cave_1"], [[400, 10144], 8, "cave_1"], [[416, 10144], 8, "cave_1"], [[432, 10128], 8, "cave_1"], [[496, 10144], 8, "cave_1"], [[448, 10112], 8, "cave_1"], [[432, 10128], 7, "cave_0"], [[480, 10128], 9, "cave_2"], [[448, 10112], 10, "cave_3"], [[464, 10112], 12, "cave_5"], [[432, 10144], 18, "cave_corner_2"], [[448, 10128], 18, "cave_corner_2"], [[464, 10128], 19, "cave_corner_3"], [[480, 10144], 19, "cave_corner_3"], [[384, 10160], 14, "cave_7"], [[400, 10160], 14, "cave_7"], [[416, 10160], 14, "cave_7"], [[432, 10160], 14, "cave_7"], [[448, 10160], 14, "cave_7"], [[464, 10160], 14, "cave_7"], [[480, 10160], 14, "cave_7"], [[496, 10160], 14, "cave_7"], [[464, 10144], 11, "cave_4"], [[448, 10144], 11, "cave_4"], [[384, 10224], 11, "cave_4"], [[400, 10224], 11, "cave_4"], [[416, 10224], 11, "cave_4"], [[432, 10224], 11, "cave_4"], [[384, 10208], 11, "cave_4"], [[384, 10192], 11, "cave_4"], [[400, 10192], 11, "cave_4"], [[416, 10192], 11, "cave_4"], [[432, 10192], 11, "cave_4"], [[448, 10192], 11, "cave_4"], [[384, 10176], 11, "cave_4"], [[400, 10176], 11, "cave_4"], [[416, 10176], 11, "cave_4"], [[432, 10176], 11, "cave_4"], [[448, 10176], 11, "cave_4"], [[464, 10176], 11, "cave_4"], [[480, 10176], 11, "cave_4"], [[496, 10176], 11, "cave_4"], [[496, 10224], 11, "cave_4"], [[480, 10224], 11, "cave_4"], [[464, 10224], 11, "cave_4"], [[448, 10224], 11, "cave_4"], [[448, 10208], 11, "cave_4"], [[432, 10208], 11, "cave_4"], [[416, 10208], 11, "cave_4"], [[400, 10208], 11, "cave_4"], [[464, 10208], 11, "cave_4"], [[480, 10208], 11, "cave_4"], [[496, 10208], 11, "cave_4"], [[496, 10192], 11, "cave_4"], [[480, 10192], 11, "cave_4"], [[464, 10192], 11, "cave_4"], [[384, 10136], 23, "drygrass_props"], [[400, 10136], 23, "drygrass_props"], [[416, 10136], 37, "flowers_props"], [[496, 10136], 37, "flowers_props"]], "2;77": [[[256, 9968], 8, "cave_1"], [[272, 9968], 8, "cave_1"], [[288, 9968], 8, "cave_1"], [[304, 9968], 8, "cave_1"], [[320, 9968], 8, "cave_1"], [[368, 9888], 8, "cave_1"], [[336, 9856], 8, "cave_1"], [[256, 9920], 14, "cave_7"], [[272, 9920], 14, "cave_7"], [[288, 9920], 14, "cave_7"], [[256, 9904], 8, "cave_1"], [[272, 9904], 8, "cave_1"], [[288, 9904], 8, "cave_1"], [[336, 9952], 7, "cave_0"], [[352, 9936], 7, "cave_0"], [[368, 9888], 7, "cave_0"], [[352, 9888], 7, "cave_0"], [[352, 9904], 7, "cave_0"], [[352, 9920], 7, "cave_0"], [[352, 9888], 10, "cave_3"], [[352, 9904], 10, "cave_3"], [[352, 9920], 10, "cave_3"], [[352, 9936], 10, "cave_3"], [[368, 9888], 12, "cave_5"], [[368, 9904], 12, "cave_5"], [[368, 9920], 12, "cave_5"], [[368, 9936], 12, "cave_5"], [[368, 9952], 12, "cave_5"], [[368, 9968], 12, "cave_5"], [[336, 9968], 18, "cave_corner_2"], [[352, 9952], 18, "cave_corner_2"], [[352, 9968], 11, "cave_4"], [[304, 9920], 15, "cave_8"], [[304, 9904], 9, "cave_2"], [[336, 9856], 14, "cave_7"], [[352, 9872], 10, "cave_3"], [[320, 9856], 13, "cave_6"], [[368, 9872], 12, "cave_5"], [[368, 9856], 16, "cave_corner_0"], [[352, 9856], 17, "cave_corner_1"], [[272, 9896], 23, "drygrass_props"], [[304, 9896], 23, "drygrass_props"], [[256, 9960], 37, "flowers_props"], [[304, 9960], 37, "flowers_props"], [[288, 9896], 37, "flowers_props"]], "3;77": [[[480, 9920], 8, "cave_1"], [[496, 9920], 8, "cave_1"], [[400, 9856], 15, "cave_8"], [[384, 9856], 14, "cave_7"], [[480, 9920], 14, "cave_7"], [[496, 9920], 14, "cave_7"], [[464, 9920], 14, "cave_7"], [[448, 9920], 13, "cave_6"], [[448, 9904], 7, "cave_0"], [[464, 9904], 8, "cave_1"], [[480, 9904], 8, "cave_1"], [[496, 9888], 10, "cave_3"], [[496, 9872], 10, "cave_3"], [[480, 9856], 13, "cave_6"], [[496, 9856], 17, "cave_corner_1"], [[496, 9904], 18, "cave_corner_2"], [[384, 9936], 22, "cave_fly_2"], [[464, 9976], 23, "drygrass_props"], [[496, 9976], 23, "drygrass_props"], [[448, 9976], 37, "flowers_props"], [[448, 9896], 37, "flowers_props"], [[480, 9896], 37, "flowers_props"], [[464, 9856], 20, "cave_fly_0"]], "4;77": [[[512, 9920], 8, "cave_1"], [[528, 9920], 8, "cave_1"], [[544, 9920], 8, "cave_1"], [[608, 9888], 10, "cave_3"], [[608, 9872], 10, "cave_3"], [[608, 9856], 10, "cave_3"], [[560, 9920], 10, "cave_3"], [[576, 9920], 10, "cave_3"], [[592, 9920], 10, "cave_3"], [[512, 9920], 14, "cave_7"], [[528, 9920], 14, "cave_7"], [[544, 9920], 14, "cave_7"], [[560, 9920], 14, "cave_7"], [[576, 9920], 14, "cave_7"], [[592, 9920], 14, "cave_7"], [[624, 9856], 12, "cave_5"], [[624, 9872], 12, "cave_5"], [[624, 9888], 12, "cave_5"], [[624, 9904], 12, "cave_5"], [[624, 9920], 15, "cave_8"], [[608, 9920], 14, "cave_7"], [[528, 9904], 8, "cave_1"], [[544, 9904], 8, "cave_1"], [[560, 9904], 8, "cave_1"], [[576, 9904], 8, "cave_1"], [[592, 9904], 8, "cave_1"], [[608, 9904], 18, "cave_corner_2"], [[512, 9888], 12, "cave_5"], [[512, 9872], 12, "cave_5"], [[512, 9904], 19, "cave_corner_3"], [[528, 9856], 15, "cave_8"], [[512, 9856], 16, "cave_corner_0"], [[528, 9976], 23, "drygrass_props"], [[560, 9976], 23, "drygrass_props"], [[576, 9976], 23, "drygrass_props"], [[592, 9976], 23, "drygrass_props"], [[608, 9976], 23, "drygrass_props"], [[544, 9896], 23, "drygrass_props"], [[576, 9896], 23, "drygrass_props"], [[592, 9896], 23, "drygrass_props"], [[512, 9976], 37, "flowers_props"], [[544, 9976], 37, "flowers_props"], [[576, 9976], 37, "flowers_props"], [[592, 9976], 37, "flowers_props"], [[528, 9896], 37, "flowers_props"], [[560, 9896], 37, "flowers_props"], [[592, 9856], 20, "cave_fly_0"]], "4;78": [[[560, 9984], 8, "cave_1"], [[512, 9984], 8, "cave_1"], [[528, 9984], 8, "cave_1"], [[544, 9984], 8, "cave_1"], [[512, 10000], 14, "cave_7"], [[528, 10000], 14, "cave_7"], [[544, 10000], 14, "cave_7"], [[528, 10064], 8, "cave_1"], [[528, 10064], 10, "cave_3"], [[528, 10048], 7, "cave_0"], [[544, 10048], 9, "cave_2"], [[528, 10096], 13, "cave_6"], [[528, 10080], 10, "cave_3"], [[544, 10096], 14, "cave_7"], [[560, 10096], 14, "cave_7"], [[576, 10096], 14, "cave_7"], [[592, 10096], 14, "cave_7"], [[544, 10064], 12, "cave_5"], [[560, 10080], 8, "cave_1"], [[576, 10080], 8, "cave_1"], [[544, 10080], 19, "cave_corner_3"], [[592, 10064], 10, "cave_3"], [[592, 10048], 10, "cave_3"], [[592, 10032], 10, "cave_3"], [[592, 10016], 10, "cave_3"], [[608, 10016], 12, "cave_5"], [[608, 10032], 12, "cave_5"], [[608, 10048], 12, "cave_5"], [[608, 10064], 12, "cave_5"], [[608, 10080], 12, "cave_5"], [[608, 10096], 15, "cave_8"], [[592, 10080], 18, "cave_corner_2"], [[560, 10000], 14, "cave_7"], [[576, 10000], 14, "cave_7"], [[592, 10000], 17, "cave_corner_1"], [[608, 9984], 9, "cave_2"], [[576, 9984], 8, "cave_1"], [[592, 9984], 8, "cave_1"], [[608, 10000], 12, "cave_5"], [[624, 10048], 22, "cave_fly_2"], [[512, 10080], 20, "cave_fly_0"]], "4;79": [[[512, 10144], 8, "cave_1"], [[528, 10144], 8, "cave_1"], [[544, 10144], 8, "cave_1"], [[560, 10144], 8, "cave_1"], [[576, 10144], 8, "cave_1"], [[592, 10144], 8, "cave_1"], [[624, 10144], 8, "cave_1"], [[608, 10144], 8, "cave_1"], [[512, 10160], 14, "cave_7"], [[528, 10160], 14, "cave_7"], [[544, 10160], 14, "cave_7"], [[560, 10160], 14, "cave_7"], [[576, 10160], 14, "cave_7"], [[592, 10160], 14, "cave_7"], [[608, 10160], 14, "cave_7"], [[624, 10160], 14, "cave_7"], [[512, 10176], 11, "cave_4"], [[528, 10176], 11, "cave_4"], [[560, 10176], 11, "cave_4"], [[592, 10176], 11, "cave_4"], [[608, 10176], 11, "cave_4"], [[624, 10176], 11, "cave_4"], [[576, 10176], 11, "cave_4"], [[544, 10176], 11, "cave_4"], [[624, 10224], 11, "cave_4"], [[608, 10224], 11, "cave_4"], [[592, 10224], 11, "cave_4"], [[576, 10224], 11, "cave_4"], [[560, 10224], 11, "cave_4"], [[544, 10224], 11, "cave_4"], [[528, 10224], 11, "cave_4"], [[512, 10224], 11, "cave_4"], [[512, 10208], 11, "cave_4"], [[528, 10208], 11, "cave_4"], [[544, 10208], 11, "cave_4"], [[560, 10208], 11, "cave_4"], [[592, 10208], 11, "cave_4"], [[608, 10208], 11, "cave_4"], [[624, 10208], 11, "cave_4"], [[576, 10208], 11, "cave_4"], [[624, 10192], 11, "cave_4"], [[608, 10192], 11, "cave_4"], [[592, 10192], 11, "cave_4"], [[576, 10192], 11, "cave_4"], [[560, 10192], 11, "cave_4"], [[544, 10192], 11, "cave_4"], [[528, 10192], 11, "cave_4"], [[512, 10192], 11, "cave_4"], [[512, 10136], 23, "drygrass_props"], [[544, 10136], 23, "drygrass_props"], [[560, 10136], 23, "drygrass_props"], [[576, 10136], 23, "drygrass_props"], [[608, 10136], 23, "drygrass_props"], [[560, 10136], 37, "flowers_props"], [[576, 10136], 37, "flowers_props"], [[624, 10136], 37, "flowers_props"]], "2;76": [[[368, 9728], 8, "cave_1"], [[352, 9728], 8, "cave_1"], [[336, 9728], 8, "cave_1"], [[320, 9728], 8, "cave_1"], [[304, 9728], 8, "cave_1"], [[288, 9728], 8, "cave_1"], [[272, 9728], 8, "cave_1"], [[256, 9728], 8, "cave_1"], [[320, 9840], 7, "cave_0"], [[336, 9840], 8, "cave_1"], [[352, 9840], 8, "cave_1"], [[368, 9840], 8, "cave_1"], [[256, 9776], 8, "cave_1"], [[272, 9776], 8, "cave_1"], [[288, 9776], 8, "cave_1"], [[320, 9776], 8, "cave_1"], [[336, 9776], 8, "cave_1"], [[352, 9776], 8, "cave_1"], [[368, 9776], 8, "cave_1"], [[304, 9776], 8, "cave_1"], [[256, 9792], 14, "cave_7"], [[272, 9792], 14, "cave_7"], [[288, 9792], 14, "cave_7"], [[304, 9792], 14, "cave_7"], [[320, 9792], 14, "cave_7"], [[336, 9792], 14, "cave_7"], [[352, 9792], 14, "cave_7"], [[368, 9792], 14, "cave_7"], [[256, 9728], 14, "cave_7"], [[272, 9728], 14, "cave_7"], [[288, 9728], 14, "cave_7"], [[304, 9728], 14, "cave_7"], [[320, 9728], 14, "cave_7"], [[336, 9728], 14, "cave_7"], [[352, 9728], 14, "cave_7"], [[368, 9728], 14, "cave_7"], [[256, 9768], 23, "drygrass_props"], [[288, 9768], 23, "drygrass_props"], [[304, 9768], 23, "drygrass_props"], [[336, 9768], 23, "drygrass_props"], [[336, 9832], 23, "drygrass_props"], [[368, 9832], 23, "drygrass_props"], [[352, 9832], 37, "flowers_props"], [[320, 9768], 37, "flowers_props"], [[256, 9768], 37, "flowers_props"]], "1;76": [[[240, 9728], 8, "cave_1"], [[144, 9808], 10, "cave_3"], [[144, 9824], 10, "cave_3"], [[144, 9840], 10, "cave_3"], [[160, 9824], 12, "cave_5"], [[160, 9840], 12, "cave_5"], [[176, 9776], 8, "cave_1"], [[192, 9776], 8, "cave_1"], [[208, 9776], 8, "cave_1"], [[224, 9776], 8, "cave_1"], [[240, 9776], 8, "cave_1"], [[144, 9792], 10, "cave_3"], [[176, 9792], 14, "cave_7"], [[192, 9792], 14, "cave_7"], [[208, 9792], 14, "cave_7"], [[224, 9792], 14, "cave_7"], [[240, 9792], 14, "cave_7"], [[160, 9808], 12, "cave_5"], [[160, 9792], 16, "cave_corner_0"], [[144, 9776], 10, "cave_3"], [[144, 9760], 10, "cave_3"], [[144, 9744], 10, "cave_3"], [[128, 9728], 14, "cave_7"], [[160, 9728], 12, "cave_5"], [[160, 9744], 12, "cave_5"], [[160, 9760], 12, "cave_5"], [[160, 9776], 19, "cave_corner_3"], [[144, 9728], 17, "cave_corner_1"], [[240, 9728], 14, "cave_7"], [[224, 9728], 13, "cave_6"], [[192, 9768], 23, "drygrass_props"], [[224, 9768], 23, "drygrass_props"], [[176, 9848], 37, "flowers_props"], [[192, 9768], 37, "flowers_props"]], "3;76": [[[480, 9728], 8, "cave_1"], [[464, 9728], 8, "cave_1"], [[448, 9728], 8, "cave_1"], [[432, 9728], 8, "cave_1"], [[416, 9728], 8, "cave_1"], [[400, 9728], 8, "cave_1"], [[384, 9728], 8, "cave_1"], [[384, 9840], 8, "cave_1"], [[400, 9840], 9, "cave_2"], [[384, 9776], 8, "cave_1"], [[400, 9776], 8, "cave_1"], [[384, 9792], 14, "cave_7"], [[400, 9792], 14, "cave_7"], [[416, 9776], 9, "cave_2"], [[384, 9728], 14, "cave_7"], [[400, 9728], 14, "cave_7"], [[416, 9728], 14, "cave_7"], [[432, 9728], 14, "cave_7"], [[448, 9728], 14, "cave_7"], [[464, 9728], 14, "cave_7"], [[480, 9728], 14, "cave_7"], [[496, 9824], 10, "cave_3"], [[496, 9808], 10, "cave_3"], [[496, 9792], 10, "cave_3"], [[496, 9776], 10, "cave_3"], [[496, 9760], 10, "cave_3"], [[496, 9744], 10, "cave_3"], [[496, 9728], 17, "cave_corner_1"], [[480, 9840], 7, "cave_0"], [[432, 9792], 22, "cave_fly_2"], [[416, 9792], 14, "cave_7"], [[496, 9840], 18, "cave_corner_2"], [[384, 9768], 23, "drygrass_props"], [[400, 9768], 23, "drygrass_props"], [[384, 9832], 23, "drygrass_props"], [[400, 9832], 23, "drygrass_props"], [[384, 9768], 37, "flowers_props"]], "3;75": [[[400, 9664], 8, "cave_1"], [[416, 9664], 8, "cave_1"], [[480, 9664], 8, "cave_1"], [[496, 9664], 8, "cave_1"], [[464, 9664], 8, "cave_1"], [[496, 9600], 8, "cave_1"], [[432, 9680], 10, "cave_3"], [[432, 9696], 10, "cave_3"], [[416, 9712], 10, "cave_3"], [[432, 9616], 10, "cave_3"], [[384, 9712], 8, "cave_1"], [[400, 9712], 8, "cave_1"], [[416, 9712], 8, "cave_1"], [[464, 9712], 8, "cave_1"], [[480, 9712], 8, "cave_1"], [[496, 9712], 8, "cave_1"], [[384, 9664], 14, "cave_7"], [[384, 9648], 8, "cave_1"], [[400, 9648], 8, "cave_1"], [[400, 9664], 14, "cave_7"], [[416, 9664], 14, "cave_7"], [[448, 9696], 12, "cave_5"], [[448, 9680], 12, "cave_5"], [[448, 9616], 12, "cave_5"], [[448, 9632], 12, "cave_5"], [[432, 9600], 7, "cave_0"], [[448, 9600], 9, "cave_2"], [[464, 9648], 8, "cave_1"], [[480, 9648], 8, "cave_1"], [[496, 9648], 8, "cave_1"], [[464, 9664], 14, "cave_7"], [[480, 9664], 14, "cave_7"], [[496, 9664], 14, "cave_7"], [[432, 9664], 17, "cave_corner_1"], [[448, 9648], 19, "cave_corner_3"], [[448, 9712], 19, "cave_corner_3"], [[432, 9712], 18, "cave_corner_2"], [[448, 9664], 16, "cave_corner_0"], [[432, 9632], 10, "cave_3"], [[416, 9648], 8, "cave_1"], [[432, 9648], 18, "cave_corner_2"], [[496, 9600], 13, "cave_6"], [[464, 9640], 23, "drygrass_props"], [[496, 9640], 23, "drygrass_props"], [[416, 9640], 23, "drygrass_props"], [[400, 9704], 23, "drygrass_props"], [[464, 9704], 23, "drygrass_props"], [[496, 9704], 23, "drygrass_props"], [[480, 9640], 37, "flowers_props"], [[480, 9704], 37, "flowers_props"], [[384, 9704], 37, "flowers_props"], [[384, 9640], 37, "flowers_props"], [[416, 9640], 37, "flowers_props"]], "1;75": [[[144, 9696], 10, "cave_3"], [[144, 9680], 10, "cave_3"], [[144, 9664], 10, "cave_3"], [[144, 9648], 10, "cave_3"], [[128, 9712], 8, "cave_1"], [[160, 9648], 12, "cave_5"], [[160, 9664], 12, "cave_5"], [[160, 9680], 12, "cave_5"], [[160, 9696], 12, "cave_5"], [[160, 9712], 12, "cave_5"], [[144, 9712], 18, "cave_corner_2"], [[160, 9632], 12, "cave_5"], [[128, 9616], 8, "cave_1"], [[144, 9616], 8, "cave_1"], [[128, 9632], 14, "cave_7"], [[160, 9616], 9, "cave_2"], [[144, 9632], 17, "cave_corner_1"], [[240, 9712], 8, "cave_1"], [[224, 9712], 7, "cave_0"], [[128, 9608], 23, "drygrass_props"], [[144, 9608], 23, "drygrass_props"], [[128, 9608], 37, "flowers_props"], [[176, 9664], 22, "cave_fly_2"]], "4;76": [[[608, 9840], 10, "cave_3"], [[608, 9824], 10, "cave_3"], [[608, 9808], 10, "cave_3"], [[624, 9808], 12, "cave_5"], [[624, 9824], 12, "cave_5"], [[624, 9840], 12, "cave_5"], [[512, 9824], 12, "cave_5"], [[512, 9808], 12, "cave_5"], [[512, 9792], 12, "cave_5"], [[512, 9776], 12, "cave_5"], [[528, 9840], 9, "cave_2"], [[512, 9840], 19, "cave_corner_3"], [[608, 9792], 7, "cave_0"], [[624, 9792], 9, "cave_2"], [[608, 9728], 13, "cave_6"], [[624, 9728], 15, "cave_8"], [[528, 9760], 15, "cave_8"], [[528, 9744], 9, "cave_2"], [[512, 9760], 16, "cave_corner_0"], [[512, 9744], 19, "cave_corner_3"], [[512, 9728], 12, "cave_5"], [[608, 9784], 23, "drygrass_props"], [[624, 9784], 23, "drygrass_props"], [[608, 9784], 37, "flowers_props"]], "0;74": [[[0, 9568], 8, "cave_1"], [[0, 9584], 8, "cave_1"], [[16, 9536], 8, "cave_1"], [[32, 9536], 8, "cave_1"], [[64, 9536], 8, "cave_1"], [[96, 9536], 8, "cave_1"], [[112, 9536], 8, "cave_1"], [[48, 9536], 8, "cave_1"], [[80, 9536], 8, "cave_1"], [[0, 9584], 12, "cave_5"], [[0, 9568], 12, "cave_5"], [[16, 9552], 14, "cave_7"], [[32, 9552], 14, "cave_7"], [[64, 9552], 14, "cave_7"], [[80, 9552], 14, "cave_7"], [[96, 9552], 14, "cave_7"], [[112, 9552], 14, "cave_7"], [[48, 9552], 14, "cave_7"], [[0, 9552], 16, "cave_corner_0"], [[0, 9536], 8, "cave_1"], [[0, 9520], 11, "cave_4"], [[16, 9520], 11, "cave_4"], [[32, 9520], 11, "cave_4"], [[48, 9520], 11, "cave_4"], [[64, 9520], 11, "cave_4"], [[80, 9520], 11, "cave_4"], [[96, 9520], 11, "cave_4"], [[112, 9520], 11, "cave_4"], [[112, 9472], 11, "cave_4"], [[96, 9472], 11, "cave_4"], [[80, 9472], 11, "cave_4"], [[64, 9472], 11, "cave_4"], [[48, 9472], 11, "cave_4"], [[32, 9472], 11, "cave_4"], [[16, 9472], 11, "cave_4"], [[0, 9472], 11, "cave_4"], [[112, 9504], 11, "cave_4"], [[112, 9488], 11, "cave_4"], [[96, 9488], 11, "cave_4"], [[80, 9488], 11, "cave_4"], [[80, 9504], 11, "cave_4"], [[96, 9504], 11, "cave_4"], [[64, 9488], 11, "cave_4"], [[48, 9488], 11, "cave_4"], [[32, 9488], 11, "cave_4"], [[32, 9504], 11, "cave_4"], [[48, 9504], 11, "cave_4"], [[16, 9488], 11, "cave_4"], [[0, 9488], 11, "cave_4"], [[0, 9504], 11, "cave_4"], [[16, 9504], 11, "cave_4"], [[64, 9504], 11, "cave_4"]], "1;74": [[[128, 9536], 8, "cave_1"], [[144, 9536], 8, "cave_1"], [[160, 9536], 8, "cave_1"], [[176, 9536], 8, "cave_1"], [[192, 9536], 8, "cave_1"], [[208, 9536], 8, "cave_1"], [[224, 9536], 8, "cave_1"], [[240, 9536], 8, "cave_1"], [[128, 9552], 14, "cave_7"], [[144, 9552], 14, "cave_7"], [[176, 9552], 14, "cave_7"], [[192, 9552], 14, "cave_7"], [[208, 9552], 14, "cave_7"], [[160, 9552], 14, "cave_7"], [[224, 9552], 14, "cave_7"], [[240, 9552], 14, "cave_7"], [[128, 9520], 11, "cave_4"], [[144, 9520], 11, "cave_4"], [[160, 9520], 11, "cave_4"], [[176, 9520], 11, "cave_4"], [[192, 9520], 11, "cave_4"], [[208, 9520], 11, "cave_4"], [[224, 9520], 11, "cave_4"], [[240, 9520], 11, "cave_4"], [[240, 9472], 11, "cave_4"], [[224, 9472], 11, "cave_4"], [[208, 9472], 11, "cave_4"], [[192, 9472], 11, "cave_4"], [[176, 9472], 11, "cave_4"], [[160, 9472], 11, "cave_4"], [[144, 9472], 11, "cave_4"], [[128, 9472], 11, "cave_4"], [[240, 9488], 11, "cave_4"], [[224, 9504], 11, "cave_4"], [[240, 9504], 11, "cave_4"], [[224, 9488], 11, "cave_4"], [[208, 9488], 11, "cave_4"], [[208, 9504], 11, "cave_4"], [[192, 9504], 11, "cave_4"], [[192, 9488], 11, "cave_4"], [[176, 9488], 11, "cave_4"], [[160, 9504], 11, "cave_4"], [[176, 9504], 11, "cave_4"], [[160, 9488], 11, "cave_4"], [[144, 9488], 11, "cave_4"], [[128, 9488], 11, "cave_4"], [[144, 9504], 11, "cave_4"], [[128, 9504], 11, "cave_4"]], "2;74": [[[256, 9536], 8, "cave_1"], [[304, 9536], 8, "cave_1"], [[288, 9536], 8, "cave_1"], [[272, 9536], 8, "cave_1"], [[320, 9536], 8, "cave_1"], [[336, 9536], 8, "cave_1"], [[352, 9536], 8, "cave_1"], [[368, 9536], 8, "cave_1"], [[256, 9552], 14, "cave_7"], [[304, 9552], 14, "cave_7"], [[320, 9552], 14, "cave_7"], [[336, 9552], 14, "cave_7"], [[352, 9552], 14, "cave_7"], [[368, 9552], 14, "cave_7"], [[272, 9584], 10, "cave_3"], [[272, 9568], 10, "cave_3"], [[288, 9568], 12, "cave_5"], [[288, 9584], 12, "cave_5"], [[272, 9552], 17, "cave_corner_1"], [[288, 9552], 16, "cave_corner_0"], [[256, 9520], 11, "cave_4"], [[272, 9520], 11, "cave_4"], [[288, 9520], 11, "cave_4"], [[304, 9520], 11, "cave_4"], [[320, 9520], 11, "cave_4"], [[336, 9520], 11, "cave_4"], [[352, 9520], 11, "cave_4"], [[368, 9520], 11, "cave_4"], [[352, 9472], 11, "cave_4"], [[336, 9472], 11, "cave_4"], [[320, 9472], 11, "cave_4"], [[304, 9472], 11, "cave_4"], [[288, 9472], 11, "cave_4"], [[272, 9472], 11, "cave_4"], [[256, 9472], 11, "cave_4"], [[368, 9472], 11, "cave_4"], [[368, 9488], 11, "cave_4"], [[352, 9488], 11, "cave_4"], [[336, 9504], 11, "cave_4"], [[320, 9504], 11, "cave_4"], [[352, 9504], 11, "cave_4"], [[336, 9488], 11, "cave_4"], [[304, 9488], 11, "cave_4"], [[288, 9488], 11, "cave_4"], [[288, 9504], 11, "cave_4"], [[368, 9504], 11, "cave_4"], [[320, 9488], 11, "cave_4"], [[304, 9504], 11, "cave_4"], [[272, 9504], 11, "cave_4"], [[256, 9504], 11, "cave_4"], [[272, 9488], 11, "cave_4"], [[256, 9488], 11, "cave_4"]], "2;75": [[[256, 9664], 8, "cave_1"], [[256, 9712], 8, "cave_1"], [[288, 9712], 8, "cave_1"], [[304, 9712], 8, "cave_1"], [[320, 9712], 8, "cave_1"], [[336, 9712], 8, "cave_1"], [[352, 9712], 8, "cave_1"], [[368, 9712], 8, "cave_1"], [[272, 9712], 8, "cave_1"], [[256, 9664], 13, "cave_6"], [[256, 9648], 7, "cave_0"], [[272, 9632], 10, "cave_3"], [[272, 9616], 10, "cave_3"], [[272, 9600], 10, "cave_3"], [[288, 9600], 12, "cave_5"], [[288, 9616], 12, "cave_5"], [[288, 9632], 12, "cave_5"], [[304, 9648], 9, "cave_2"], [[304, 9664], 15, "cave_8"], [[272, 9664], 15, "cave_8"], [[288, 9664], 15, "cave_8"], [[272, 9648], 18, "cave_corner_2"], [[288, 9648], 19, "cave_corner_3"], [[272, 9664], 14, "cave_7"], [[288, 9664], 14, "cave_7"], [[368, 9664], 13, "cave_6"], [[368, 9648], 7, "cave_0"], [[368, 9640], 23, "drygrass_props"], [[352, 9704], 23, "drygrass_props"], [[336, 9704], 23, "drygrass_props"], [[320, 9704], 23, "drygrass_props"], [[288, 9704], 23, "drygrass_props"], [[256, 9704], 23, "drygrass_props"], [[320, 9704], 37, "flowers_props"], [[288, 9704], 37, "flowers_props"], [[272, 9704], 37, "flowers_props"], [[352, 9664], 20, "cave_fly_0"]], "3;74": [[[448, 9536], 8, "cave_1"], [[384, 9536], 8, "cave_1"], [[400, 9536], 8, "cave_1"], [[416, 9536], 8, "cave_1"], [[432, 9536], 8, "cave_1"], [[464, 9536], 8, "cave_1"], [[480, 9536], 8, "cave_1"], [[496, 9536], 8, "cave_1"], [[496, 9568], 10, "cave_3"], [[496, 9584], 10, "cave_3"], [[384, 9552], 14, "cave_7"], [[400, 9552], 14, "cave_7"], [[416, 9552], 14, "cave_7"], [[432, 9552], 14, "cave_7"], [[448, 9552], 14, "cave_7"], [[464, 9552], 14, "cave_7"], [[480, 9552], 14, "cave_7"], [[496, 9552], 17, "cave_corner_1"], [[384, 9520], 11, "cave_4"], [[400, 9504], 11, "cave_4"], [[416, 9504], 11, "cave_4"], [[432, 9504], 11, "cave_4"], [[448, 9504], 11, "cave_4"], [[464, 9504], 11, "cave_4"], [[480, 9504], 11, "cave_4"], [[496, 9504], 11, "cave_4"], [[416, 9520], 11, "cave_4"], [[400, 9520], 11, "cave_4"], [[448, 9520], 11, "cave_4"], [[464, 9520], 11, "cave_4"], [[480, 9520], 11, "cave_4"], [[496, 9520], 11, "cave_4"], [[432, 9520], 11, "cave_4"], [[496, 9472], 11, "cave_4"], [[480, 9472], 11, "cave_4"], [[464, 9472], 11, "cave_4"], [[448, 9472], 11, "cave_4"], [[432, 9472], 11, "cave_4"], [[416, 9472], 11, "cave_4"], [[400, 9472], 11, "cave_4"], [[384, 9472], 11, "cave_4"], [[496, 9488], 11, "cave_4"], [[480, 9488], 11, "cave_4"], [[464, 9488], 11, "cave_4"], [[448, 9488], 11, "cave_4"], [[432, 9488], 11, "cave_4"], [[416, 9488], 11, "cave_4"], [[400, 9488], 11, "cave_4"], [[384, 9488], 11, "cave_4"], [[384, 9504], 11, "cave_4"], [[432, 9592], 23, "drygrass_props"], [[448, 9592], 23, "drygrass_props"]], "4;75": [[[512, 9600], 8, "cave_1"], [[528, 9600], 8, "cave_1"], [[544, 9600], 8, "cave_1"], [[608, 9664], 10, "cave_3"], [[560, 9600], 10, "cave_3"], [[576, 9600], 10, "cave_3"], [[512, 9664], 10, "cave_3"], [[528, 9664], 10, "cave_3"], [[512, 9648], 8, "cave_1"], [[528, 9648], 8, "cave_1"], [[512, 9664], 14, "cave_7"], [[528, 9664], 14, "cave_7"], [[544, 9648], 9, "cave_2"], [[544, 9664], 15, "cave_8"], [[512, 9600], 14, "cave_7"], [[528, 9600], 14, "cave_7"], [[544, 9600], 14, "cave_7"], [[560, 9600], 14, "cave_7"], [[576, 9600], 14, "cave_7"], [[592, 9600], 14, "cave_7"], [[624, 9712], 12, "cave_5"], [[624, 9680], 12, "cave_5"], [[624, 9664], 12, "cave_5"], [[624, 9616], 12, "cave_5"], [[624, 9632], 12, "cave_5"], [[624, 9648], 12, "cave_5"], [[608, 9648], 10, "cave_3"], [[608, 9632], 10, "cave_3"], [[608, 9616], 10, "cave_3"], [[608, 9600], 17, "cave_corner_1"], [[512, 9712], 9, "cave_2"], [[592, 9712], 13, "cave_6"], [[592, 9696], 7, "cave_0"], [[608, 9680], 10, "cave_3"], [[608, 9696], 18, "cave_corner_2"], [[608, 9712], 17, "cave_corner_1"], [[624, 9600], 9, "cave_2"], [[624, 9696], 12, "cave_5"], [[512, 9640], 23, "drygrass_props"], [[528, 9640], 23, "drygrass_props"], [[544, 9640], 23, "drygrass_props"], [[512, 9640], 37, "flowers_props"]], "4;74": [[[512, 9536], 8, "cave_1"], [[528, 9536], 8, "cave_1"], [[544, 9536], 8, "cave_1"], [[560, 9536], 8, "cave_1"], [[576, 9536], 8, "cave_1"], [[592, 9536], 8, "cave_1"], [[608, 9536], 8, "cave_1"], [[624, 9536], 8, "cave_1"], [[528, 9552], 14, "cave_7"], [[544, 9552], 14, "cave_7"], [[560, 9552], 14, "cave_7"], [[576, 9552], 14, "cave_7"], [[592, 9552], 14, "cave_7"], [[608, 9552], 14, "cave_7"], [[624, 9552], 14, "cave_7"], [[512, 9568], 12, "cave_5"], [[528, 9584], 8, "cave_1"], [[544, 9584], 8, "cave_1"], [[560, 9584], 8, "cave_1"], [[576, 9584], 8, "cave_1"], [[592, 9584], 8, "cave_1"], [[512, 9584], 19, "cave_corner_3"], [[512, 9552], 16, "cave_corner_0"], [[608, 9584], 9, "cave_2"], [[512, 9520], 11, "cave_4"], [[528, 9520], 11, "cave_4"], [[560, 9520], 11, "cave_4"], [[576, 9520], 11, "cave_4"], [[592, 9520], 11, "cave_4"], [[608, 9520], 11, "cave_4"], [[624, 9520], 11, "cave_4"], [[544, 9520], 11, "cave_4"], [[576, 9472], 11, "cave_4"], [[560, 9472], 11, "cave_4"], [[544, 9472], 11, "cave_4"], [[528, 9472], 11, "cave_4"], [[512, 9472], 11, "cave_4"], [[512, 9488], 11, "cave_4"], [[528, 9504], 11, "cave_4"], [[544, 9504], 11, "cave_4"], [[592, 9504], 11, "cave_4"], [[608, 9504], 11, "cave_4"], [[624, 9504], 11, "cave_4"], [[624, 9472], 11, "cave_4"], [[608, 9472], 11, "cave_4"], [[592, 9472], 11, "cave_4"], [[608, 9488], 11, "cave_4"], [[624, 9488], 11, "cave_4"], [[592, 9488], 11, "cave_4"], [[576, 9488], 11, "cave_4"], [[560, 9488], 11, "cave_4"], [[544, 9488], 11, "cave_4"], [[528, 9488], 11, "cave_4"], [[512, 9504], 11, "cave_4"], [[560, 9504], 11, "cave_4"], [[576, 9504], 11, "cave_4"], [[528, 9576], 23, "drygrass_props"], [[544, 9576], 23, "drygrass_props"], [[576, 9576], 23, "drygrass_props"], [[592, 9576], 23, "drygrass_props"], [[608, 9576], 23, "drygrass_props"], [[544, 9576], 37, "flowers_props"], [[592, 9576], 37, "flowers_props"]], "5;75": [[[672, 9664], 10, "cave_3"], [[672, 9648], 10, "cave_3"], [[672, 9632], 10, "cave_3"], [[672, 9616], 10, "cave_3"], [[672, 9600], 10, "cave_3"], [[688, 9664], 12, "cave_5"], [[688, 9648], 12, "cave_5"], [[688, 9632], 12, "cave_5"], [[688, 9616], 12, "cave_5"], [[688, 9600], 12, "cave_5"], [[640, 9696], 22, "cave_fly_2"], [[656, 9648], 20, "cave_fly_0"], [[672, 9680], 13, "cave_6"], [[704, 9600], 11, "cave_4"], [[704, 9616], 11, "cave_4"], [[704, 9632], 11, "cave_4"], [[704, 9648], 11, "cave_4"], [[704, 9664], 11, "cave_4"], [[720, 9600], 11, "cave_4"], [[720, 9616], 11, "cave_4"], [[720, 9632], 11, "cave_4"], [[720, 9648], 11, "cave_4"], [[720, 9664], 11, "cave_4"], [[736, 9600], 11, "cave_4"], [[736, 9616], 11, "cave_4"], [[736, 9632], 11, "cave_4"], [[736, 9648], 11, "cave_4"], [[736, 9664], 11, "cave_4"], [[752, 9664], 11, "cave_4"], [[752, 9648], 11, "cave_4"], [[752, 9632], 11, "cave_4"], [[752, 9616], 11, "cave_4"], [[752, 9600], 11, "cave_4"], [[688, 9680], 31, "dungeon_7"], [[720, 9680], 31, "dungeon_7"], [[736, 9680], 31, "dungeon_7"], [[752, 9680], 31, "dungeon_7"], [[704, 9680], 31, "dungeon_7"]], "-1;78": [[[-16, 10096], 10, "cave_3"], [[-16, 10080], 7, "cave_0"], [[-16, 10016], 13, "cave_6"], [[-16, 9984], 10, "cave_3"], [[-16, 10000], 10, "cave_3"], [[-32, 10080], 11, "cave_4"], [[-32, 10096], 11, "cave_4"], [[-48, 10096], 11, "cave_4"], [[-48, 10080], 11, "cave_4"], [[-64, 10096], 11, "cave_4"], [[-64, 10080], 11, "cave_4"], [[-64, 10064], 11, "cave_4"], [[-32, 10064], 11, "cave_4"], [[-32, 10048], 11, "cave_4"], [[-32, 10032], 11, "cave_4"], [[-32, 10016], 11, "cave_4"], [[-32, 10000], 11, "cave_4"], [[-32, 9984], 11, "cave_4"], [[-48, 9984], 11, "cave_4"], [[-48, 10000], 11, "cave_4"], [[-48, 10016], 11, "cave_4"], [[-48, 10032], 11, "cave_4"], [[-48, 10048], 11, "cave_4"], [[-48, 10064], 11, "cave_4"], [[-112, 10096], 11, "cave_4"], [[-96, 10096], 11, "cave_4"], [[-80, 10096], 11, "cave_4"], [[-80, 10080], 11, "cave_4"], [[-96, 10080], 11, "cave_4"], [[-112, 10080], 11, "cave_4"], [[-128, 10080], 11, "cave_4"], [[-128, 10064], 11, "cave_4"], [[-128, 10096], 11, "cave_4"], [[-80, 10064], 11, "cave_4"], [[-96, 10064], 11, "cave_4"], [[-112, 10064], 11, "cave_4"], [[-80, 10048], 11, "cave_4"], [[-64, 10048], 11, "cave_4"], [[-96, 10048], 11, "cave_4"], [[-128, 10048], 11, "cave_4"], [[-128, 9984], 11, "cave_4"], [[-128, 10032], 11, "cave_4"], [[-112, 10048], 11, "cave_4"], [[-112, 10032], 11, "cave_4"], [[-112, 10016], 11, "cave_4"], [[-112, 10000], 11, "cave_4"], [[-112, 9984], 11, "cave_4"], [[-128, 10000], 11, "cave_4"], [[-128, 10016], 11, "cave_4"], [[-96, 10032], 11, "cave_4"], [[-80, 10032], 11, "cave_4"], [[-64, 10032], 11, "cave_4"], [[-64, 10016], 11, "cave_4"], [[-64, 10000], 11, "cave_4"], [[-64, 9984], 11, "cave_4"], [[-80, 9984], 11, "cave_4"], [[-80, 10000], 11, "cave_4"], [[-80, 10016], 11, "cave_4"], [[-96, 10016], 11, "cave_4"], [[-96, 9984], 11, "cave_4"], [[-96, 10000], 11, "cave_4"], [[-16, 10072], 23, "drygrass_props"]], "-1;79": [[[-16, 10112], 10, "cave_3"], [[-16, 10128], 10, "cave_3"], [[-16, 10144], 10, "cave_3"], [[-16, 10160], 13, "cave_6"], [[-32, 10112], 11, "cave_4"], [[-32, 10128], 11, "cave_4"], [[-32, 10144], 11, "cave_4"], [[-32, 10160], 11, "cave_4"], [[-32, 10176], 11, "cave_4"], [[-16, 10176], 11, "cave_4"], [[-48, 10176], 11, "cave_4"], [[-64, 10176], 11, "cave_4"], [[-64, 10160], 11, "cave_4"], [[-64, 10144], 11, "cave_4"], [[-64, 10128], 11, "cave_4"], [[-48, 10112], 11, "cave_4"], [[-48, 10128], 11, "cave_4"], [[-48, 10144], 11, "cave_4"], [[-48, 10160], 11, "cave_4"], [[-80, 10112], 11, "cave_4"], [[-64, 10112], 11, "cave_4"], [[-96, 10112], 11, "cave_4"], [[-112, 10112], 11, "cave_4"], [[-96, 10128], 11, "cave_4"], [[-96, 10144], 11, "cave_4"], [[-96, 10160], 11, "cave_4"], [[-80, 10160], 11, "cave_4"], [[-80, 10144], 11, "cave_4"], [[-80, 10128], 11, "cave_4"], [[-112, 10128], 11, "cave_4"], [[-112, 10144], 11, "cave_4"], [[-112, 10160], 11, "cave_4"], [[-112, 10176], 11, "cave_4"], [[-112, 10192], 11, "cave_4"], [[-112, 10208], 11, "cave_4"], [[-96, 10208], 11, "cave_4"], [[-64, 10192], 11, "cave_4"], [[-80, 10176], 11, "cave_4"], [[-96, 10176], 11, "cave_4"], [[-96, 10192], 11, "cave_4"], [[-80, 10192], 11, "cave_4"], [[-128, 10128], 11, "cave_4"], [[-16, 10192], 11, "cave_4"], [[-16, 10208], 11, "cave_4"], [[-16, 10224], 11, "cave_4"], [[-64, 10224], 11, "cave_4"], [[-48, 10224], 11, "cave_4"], [[-32, 10224], 11, "cave_4"], [[-32, 10208], 11, "cave_4"], [[-32, 10192], 11, "cave_4"], [[-48, 10192], 11, "cave_4"], [[-64, 10208], 11, "cave_4"], [[-80, 10208], 11, "cave_4"], [[-48, 10208], 11, "cave_4"], [[-80, 10224], 11, "cave_4"], [[-96, 10224], 11, "cave_4"], [[-112, 10224], 11, "cave_4"], [[-128, 10224], 11, "cave_4"], [[-128, 10208], 11, "cave_4"], [[-128, 10192], 11, "cave_4"], [[-128, 10176], 11, "cave_4"], [[-128, 10160], 11, "cave_4"], [[-128, 10144], 11, "cave_4"], [[-128, 10112], 11, "cave_4"]], "5;79": [[[640, 10144], 8, "cave_1"], [[656, 10144], 8, "cave_1"], [[688, 10128], 10, "cave_3"], [[688, 10112], 10, "cave_3"], [[672, 10112], 10, "cave_3"], [[672, 10128], 10, "cave_3"], [[688, 10112], 12, "cave_5"], [[688, 10128], 12, "cave_5"], [[672, 10144], 18, "cave_corner_2"], [[640, 10160], 14, "cave_7"], [[656, 10160], 14, "cave_7"], [[672, 10160], 14, "cave_7"], [[688, 10160], 15, "cave_8"], [[688, 10144], 12, "cave_5"], [[704, 10112], 11, "cave_4"], [[704, 10128], 11, "cave_4"], [[704, 10144], 11, "cave_4"], [[704, 10160], 11, "cave_4"], [[704, 10176], 11, "cave_4"], [[704, 10192], 11, "cave_4"], [[704, 10208], 11, "cave_4"], [[704, 10224], 11, "cave_4"], [[752, 10208], 11, "cave_4"], [[736, 10208], 11, "cave_4"], [[736, 10192], 11, "cave_4"], [[736, 10176], 11, "cave_4"], [[736, 10160], 11, "cave_4"], [[736, 10144], 11, "cave_4"], [[736, 10128], 11, "cave_4"], [[720, 10128], 11, "cave_4"], [[720, 10224], 11, "cave_4"], [[720, 10176], 11, "cave_4"], [[720, 10160], 11, "cave_4"], [[720, 10144], 11, "cave_4"], [[720, 10192], 11, "cave_4"], [[720, 10208], 11, "cave_4"], [[736, 10224], 11, "cave_4"], [[752, 10224], 11, "cave_4"], [[752, 10192], 11, "cave_4"], [[752, 10176], 11, "cave_4"], [[752, 10144], 11, "cave_4"], [[752, 10128], 11, "cave_4"], [[752, 10112], 11, "cave_4"], [[720, 10112], 11, "cave_4"], [[752, 10160], 11, "cave_4"], [[736, 10112], 11, "cave_4"], [[640, 10176], 11, "cave_4"], [[672, 10176], 11, "cave_4"], [[688, 10176], 11, "cave_4"], [[688, 10208], 11, "cave_4"], [[688, 10192], 11, "cave_4"], [[672, 10192], 11, "cave_4"], [[656, 10192], 11, "cave_4"], [[656, 10176], 11, "cave_4"], [[688, 10224], 11, "cave_4"], [[672, 10224], 11, "cave_4"], [[656, 10224], 11, "cave_4"], [[640, 10224], 11, "cave_4"], [[640, 10208], 11, "cave_4"], [[656, 10208], 11, "cave_4"], [[672, 10208], 11, "cave_4"], [[640, 10192], 11, "cave_4"], [[656, 10136], 23, "drygrass_props"]], "5;78": [[[688, 10096], 10, "cave_3"], [[688, 10080], 10, "cave_3"], [[688, 10064], 10, "cave_3"], [[688, 10048], 10, "cave_3"], [[688, 10032], 10, "cave_3"], [[688, 10016], 10, "cave_3"], [[688, 10000], 10, "cave_3"], [[688, 9984], 10, "cave_3"], [[672, 10096], 10, "cave_3"], [[672, 10080], 10, "cave_3"], [[672, 10064], 10, "cave_3"], [[672, 10048], 10, "cave_3"], [[672, 10032], 10, "cave_3"], [[672, 10016], 10, "cave_3"], [[672, 10000], 10, "cave_3"], [[672, 9984], 10, "cave_3"], [[688, 9984], 12, "cave_5"], [[688, 10000], 12, "cave_5"], [[688, 10016], 12, "cave_5"], [[688, 10032], 12, "cave_5"], [[688, 10048], 12, "cave_5"], [[688, 10064], 12, "cave_5"], [[688, 10080], 12, "cave_5"], [[688, 10096], 12, "cave_5"], [[656, 10096], 20, "cave_fly_0"], [[656, 10000], 20, "cave_fly_0"], [[704, 9984], 11, "cave_4"], [[704, 10000], 11, "cave_4"], [[704, 10016], 11, "cave_4"], [[704, 10032], 11, "cave_4"], [[704, 10048], 11, "cave_4"], [[704, 10064], 11, "cave_4"], [[704, 10080], 11, "cave_4"], [[704, 10096], 11, "cave_4"], [[752, 10096], 11, "cave_4"], [[752, 10080], 11, "cave_4"], [[752, 10064], 11, "cave_4"], [[752, 10048], 11, "cave_4"], [[752, 10032], 11, "cave_4"], [[752, 10016], 11, "cave_4"], [[736, 10000], 11, "cave_4"], [[720, 10016], 11, "cave_4"], [[720, 10032], 11, "cave_4"], [[720, 10048], 11, "cave_4"], [[720, 10064], 11, "cave_4"], [[720, 10080], 11, "cave_4"], [[720, 10096], 11, "cave_4"], [[720, 9984], 11, "cave_4"], [[720, 10000], 11, "cave_4"], [[736, 10032], 11, "cave_4"], [[736, 10064], 11, "cave_4"], [[736, 10080], 11, "cave_4"], [[736, 10096], 11, "cave_4"], [[736, 9984], 11, "cave_4"], [[736, 10016], 11, "cave_4"], [[736, 10048], 11, "cave_4"], [[752, 10000], 11, "cave_4"], [[752, 9984], 11, "cave_4"]], "5;77": [[[672, 9920], 10, "cave_3"], [[672, 9904], 10, "cave_3"], [[672, 9888], 10, "cave_3"], [[672, 9872], 10, "cave_3"], [[672, 9856], 10, "cave_3"], [[672, 9936], 10, "cave_3"], [[672, 9952], 10, "cave_3"], [[672, 9968], 10, "cave_3"], [[688, 9952], 12, "cave_5"], [[688, 9936], 12, "cave_5"], [[688, 9920], 12, "cave_5"], [[688, 9904], 12, "cave_5"], [[688, 9888], 12, "cave_5"], [[688, 9872], 12, "cave_5"], [[688, 9968], 12, "cave_5"], [[688, 9856], 12, "cave_5"], [[656, 9952], 20, "cave_fly_0"], [[640, 9904], 22, "cave_fly_2"], [[656, 9856], 20, "cave_fly_0"], [[704, 9856], 11, "cave_4"], [[704, 9872], 11, "cave_4"], [[704, 9888], 11, "cave_4"], [[704, 9904], 11, "cave_4"], [[704, 9920], 11, "cave_4"], [[704, 9936], 11, "cave_4"], [[704, 9952], 11, "cave_4"], [[704, 9968], 11, "cave_4"], [[752, 9952], 11, "cave_4"], [[736, 9952], 11, "cave_4"], [[720, 9952], 11, "cave_4"], [[720, 9968], 11, "cave_4"], [[752, 9968], 11, "cave_4"], [[736, 9968], 11, "cave_4"], [[720, 9856], 11, "cave_4"], [[720, 9872], 11, "cave_4"], [[720, 9888], 11, "cave_4"], [[720, 9904], 11, "cave_4"], [[720, 9920], 11, "cave_4"], [[720, 9936], 11, "cave_4"], [[736, 9936], 11, "cave_4"], [[752, 9936], 11, "cave_4"], [[752, 9920], 11, "cave_4"], [[752, 9904], 11, "cave_4"], [[736, 9920], 11, "cave_4"], [[736, 9904], 11, "cave_4"], [[736, 9888], 11, "cave_4"], [[752, 9856], 11, "cave_4"], [[752, 9872], 11, "cave_4"], [[752, 9888], 11, "cave_4"], [[736, 9856], 11, "cave_4"], [[736, 9872], 11, "cave_4"]], "-1;77": [[[-16, 9968], 10, "cave_3"], [[-16, 9952], 10, "cave_3"], [[-16, 9936], 10, "cave_3"], [[-16, 9920], 10, "cave_3"], [[-16, 9904], 10, "cave_3"], [[-16, 9888], 10, "cave_3"], [[-16, 9872], 10, "cave_3"], [[-16, 9856], 10, "cave_3"], [[-32, 9968], 11, "cave_4"], [[-32, 9952], 11, "cave_4"], [[-32, 9936], 11, "cave_4"], [[-48, 9936], 11, "cave_4"], [[-48, 9952], 11, "cave_4"], [[-48, 9968], 11, "cave_4"], [[-32, 9856], 11, "cave_4"], [[-48, 9872], 11, "cave_4"], [[-48, 9888], 11, "cave_4"], [[-48, 9904], 11, "cave_4"], [[-48, 9920], 11, "cave_4"], [[-32, 9872], 11, "cave_4"], [[-32, 9888], 11, "cave_4"], [[-32, 9904], 11, "cave_4"], [[-32, 9920], 11, "cave_4"], [[-128, 9856], 11, "cave_4"], [[-128, 9872], 11, "cave_4"], [[-128, 9888], 11, "cave_4"], [[-128, 9904], 11, "cave_4"], [[-128, 9920], 11, "cave_4"], [[-128, 9936], 11, "cave_4"], [[-128, 9952], 11, "cave_4"], [[-128, 9968], 11, "cave_4"], [[-112, 9968], 11, "cave_4"], [[-112, 9952], 11, "cave_4"], [[-64, 9968], 11, "cave_4"], [[-64, 9952], 11, "cave_4"], [[-64, 9936], 11, "cave_4"], [[-64, 9920], 11, "cave_4"], [[-64, 9904], 11, "cave_4"], [[-64, 9888], 11, "cave_4"], [[-64, 9872], 11, "cave_4"], [[-64, 9856], 11, "cave_4"], [[-48, 9856], 11, "cave_4"], [[-80, 9968], 11, "cave_4"], [[-96, 9968], 11, "cave_4"], [[-96, 9952], 11, "cave_4"], [[-96, 9920], 11, "cave_4"], [[-96, 9904], 11, "cave_4"], [[-96, 9872], 11, "cave_4"], [[-96, 9856], 11, "cave_4"], [[-112, 9856], 11, "cave_4"], [[-112, 9872], 11, "cave_4"], [[-112, 9888], 11, "cave_4"], [[-112, 9904], 11, "cave_4"], [[-112, 9920], 11, "cave_4"], [[-112, 9936], 11, "cave_4"], [[-80, 9936], 11, "cave_4"], [[-80, 9920], 11, "cave_4"], [[-80, 9904], 11, "cave_4"], [[-80, 9888], 11, "cave_4"], [[-80, 9872], 11, "cave_4"], [[-80, 9856], 11, "cave_4"], [[-96, 9888], 11, "cave_4"], [[-96, 9936], 11, "cave_4"], [[-80, 9952], 11, "cave_4"]], "-1;76": [[[-16, 9840], 10, "cave_3"], [[-16, 9824], 10, "cave_3"], [[-16, 9808], 10, "cave_3"], [[-16, 9792], 10, "cave_3"], [[-16, 9776], 10, "cave_3"], [[-16, 9760], 10, "cave_3"], [[-16, 9744], 10, "cave_3"], [[-16, 9728], 10, "cave_3"], [[-32, 9728], 11, "cave_4"], [[-32, 9744], 11, "cave_4"], [[-32, 9760], 11, "cave_4"], [[-32, 9776], 11, "cave_4"], [[-32, 9792], 11, "cave_4"], [[-32, 9808], 11, "cave_4"], [[-32, 9824], 11, "cave_4"], [[-32, 9840], 11, "cave_4"], [[-128, 9728], 11, "cave_4"], [[-128, 9744], 11, "cave_4"], [[-128, 9760], 11, "cave_4"], [[-128, 9792], 11, "cave_4"], [[-128, 9808], 11, "cave_4"], [[-128, 9824], 11, "cave_4"], [[-128, 9840], 11, "cave_4"], [[-64, 9840], 11, "cave_4"], [[-64, 9824], 11, "cave_4"], [[-64, 9808], 11, "cave_4"], [[-64, 9792], 11, "cave_4"], [[-64, 9776], 11, "cave_4"], [[-64, 9760], 11, "cave_4"], [[-64, 9744], 11, "cave_4"], [[-64, 9728], 11, "cave_4"], [[-48, 9728], 11, "cave_4"], [[-48, 9744], 11, "cave_4"], [[-48, 9760], 11, "cave_4"], [[-48, 9776], 11, "cave_4"], [[-48, 9792], 11, "cave_4"], [[-48, 9808], 11, "cave_4"], [[-48, 9824], 11, "cave_4"], [[-48, 9840], 11, "cave_4"], [[-96, 9840], 11, "cave_4"], [[-96, 9824], 11, "cave_4"], [[-96, 9808], 11, "cave_4"], [[-96, 9792], 11, "cave_4"], [[-96, 9776], 11, "cave_4"], [[-96, 9760], 11, "cave_4"], [[-96, 9744], 11, "cave_4"], [[-96, 9728], 11, "cave_4"], [[-112, 9728], 11, "cave_4"], [[-112, 9744], 11, "cave_4"], [[-112, 9760], 11, "cave_4"], [[-112, 9776], 11, "cave_4"], [[-112, 9792], 11, "cave_4"], [[-112, 9808], 11, "cave_4"], [[-112, 9824], 11, "cave_4"], [[-112, 9840], 11, "cave_4"], [[-80, 9840], 11, "cave_4"], [[-80, 9824], 11, "cave_4"], [[-80, 9808], 11, "cave_4"], [[-80, 9792], 11, "cave_4"], [[-80, 9776], 11, "cave_4"], [[-80, 9760], 11, "cave_4"], [[-80, 9744], 11, "cave_4"], [[-80, 9728], 11, "cave_4"], [[-128, 9776], 11, "cave_4"]], "-1;75": [[[-16, 9712], 10, "cave_3"], [[-16, 9696], 10, "cave_3"], [[-16, 9680], 10, "cave_3"], [[-16, 9664], 10, "cave_3"], [[-16, 9648], 10, "cave_3"], [[-16, 9632], 10, "cave_3"], [[-16, 9616], 10, "cave_3"], [[-16, 9600], 10, "cave_3"], [[-32, 9600], 11, "cave_4"], [[-32, 9616], 11, "cave_4"], [[-32, 9632], 11, "cave_4"], [[-32, 9648], 11, "cave_4"], [[-32, 9664], 11, "cave_4"], [[-32, 9680], 11, "cave_4"], [[-32, 9696], 11, "cave_4"], [[-32, 9712], 11, "cave_4"], [[-128, 9616], 11, "cave_4"], [[-128, 9600], 11, "cave_4"], [[-128, 9632], 11, "cave_4"], [[-128, 9648], 11, "cave_4"], [[-128, 9664], 11, "cave_4"], [[-112, 9680], 11, "cave_4"], [[-96, 9696], 11, "cave_4"], [[-80, 9696], 11, "cave_4"], [[-64, 9696], 11, "cave_4"], [[-48, 9696], 11, "cave_4"], [[-80, 9680], 11, "cave_4"], [[-128, 9680], 11, "cave_4"], [[-128, 9696], 11, "cave_4"], [[-128, 9712], 11, "cave_4"], [[-64, 9712], 11, "cave_4"], [[-64, 9680], 11, "cave_4"], [[-48, 9712], 11, "cave_4"], [[-96, 9712], 11, "cave_4"], [[-96, 9680], 11, "cave_4"], [[-112, 9696], 11, "cave_4"], [[-112, 9712], 11, "cave_4"], [[-80, 9712], 11, "cave_4"], [[-48, 9680], 11, "cave_4"], [[-48, 9664], 11, "cave_4"], [[-48, 9648], 11, "cave_4"], [[-48, 9632], 11, "cave_4"], [[-48, 9616], 11, "cave_4"], [[-48, 9600], 11, "cave_4"], [[-96, 9600], 11, "cave_4"], [[-96, 9616], 11, "cave_4"], [[-96, 9632], 11, "cave_4"], [[-96, 9648], 11, "cave_4"], [[-80, 9648], 11, "cave_4"], [[-80, 9664], 11, "cave_4"], [[-80, 9632], 11, "cave_4"], [[-64, 9632], 11, "cave_4"], [[-64, 9616], 11, "cave_4"], [[-80, 9616], 11, "cave_4"], [[-80, 9600], 11, "cave_4"], [[-64, 9600], 11, "cave_4"], [[-64, 9648], 11, "cave_4"], [[-64, 9664], 11, "cave_4"], [[-96, 9664], 11, "cave_4"], [[-112, 9664], 11, "cave_4"], [[-112, 9648], 11, "cave_4"], [[-112, 9632], 11, "cave_4"], [[-112, 9600], 11, "cave_4"], [[-112, 9616], 11, "cave_4"]], "-1;74": [[[-16, 9584], 10, "cave_3"], [[-16, 9568], 10, "cave_3"], [[-16, 9536], 7, "cave_0"], [[-16, 9552], 10, "cave_3"], [[-32, 9520], 11, "cave_4"], [[-32, 9536], 11, "cave_4"], [[-32, 9552], 11, "cave_4"], [[-32, 9568], 11, "cave_4"], [[-32, 9584], 11, "cave_4"], [[-16, 9520], 11, "cave_4"], [[-16, 9472], 11, "cave_4"], [[-32, 9472], 11, "cave_4"], [[-48, 9472], 11, "cave_4"], [[-64, 9472], 11, "cave_4"], [[-80, 9472], 11, "cave_4"], [[-96, 9472], 11, "cave_4"], [[-112, 9472], 11, "cave_4"], [[-128, 9472], 11, "cave_4"], [[-16, 9488], 11, "cave_4"], [[-16, 9504], 11, "cave_4"], [[-32, 9504], 11, "cave_4"], [[-48, 9504], 11, "cave_4"], [[-64, 9504], 11, "cave_4"], [[-80, 9504], 11, "cave_4"], [[-96, 9504], 11, "cave_4"], [[-112, 9504], 11, "cave_4"], [[-128, 9488], 11, "cave_4"], [[-96, 9488], 11, "cave_4"], [[-32, 9488], 11, "cave_4"], [[-48, 9488], 11, "cave_4"], [[-64, 9488], 11, "cave_4"], [[-80, 9488], 11, "cave_4"], [[-112, 9488], 11, "cave_4"], [[-128, 9504], 11, "cave_4"], [[-128, 9520], 11, "cave_4"], [[-128, 9536], 11, "cave_4"], [[-128, 9552], 11, "cave_4"], [[-128, 9568], 11, "cave_4"], [[-128, 9584], 11, "cave_4"], [[-48, 9584], 11, "cave_4"], [[-48, 9568], 11, "cave_4"], [[-48, 9552], 11, "cave_4"], [[-48, 9536], 11, "cave_4"], [[-48, 9520], 11, "cave_4"], [[-64, 9520], 11, "cave_4"], [[-80, 9536], 11, "cave_4"], [[-96, 9552], 11, "cave_4"], [[-96, 9568], 11, "cave_4"], [[-96, 9584], 11, "cave_4"], [[-80, 9584], 11, "cave_4"], [[-80, 9568], 11, "cave_4"], [[-80, 9552], 11, "cave_4"], [[-64, 9536], 11, "cave_4"], [[-112, 9552], 11, "cave_4"], [[-112, 9536], 11, "cave_4"], [[-112, 9520], 11, "cave_4"], [[-96, 9520], 11, "cave_4"], [[-80, 9520], 11, "cave_4"], [[-64, 9552], 11, "cave_4"], [[-64, 9568], 11, "cave_4"], [[-64, 9584], 11, "cave_4"], [[-112, 9584], 11, "cave_4"], [[-112, 9568], 11, "cave_4"], [[-96, 9536], 11, "cave_4"]], "5;76": [[[672, 9840], 10, "cave_3"], [[672, 9824], 10, "cave_3"], [[672, 9808], 10, "cave_3"], [[672, 9792], 10, "cave_3"], [[672, 9776], 10, "cave_3"], [[672, 9760], 10, "cave_3"], [[688, 9840], 12, "cave_5"], [[688, 9824], 12, "cave_5"], [[688, 9808], 12, "cave_5"], [[688, 9792], 12, "cave_5"], [[688, 9776], 12, "cave_5"], [[688, 9760], 12, "cave_5"], [[672, 9744], 7, "cave_0"], [[640, 9808], 22, "cave_fly_2"], [[704, 9760], 11, "cave_4"], [[704, 9776], 11, "cave_4"], [[704, 9792], 11, "cave_4"], [[704, 9808], 11, "cave_4"], [[704, 9824], 11, "cave_4"], [[704, 9840], 11, "cave_4"], [[720, 9760], 11, "cave_4"], [[720, 9776], 11, "cave_4"], [[720, 9792], 11, "cave_4"], [[720, 9808], 11, "cave_4"], [[720, 9824], 11, "cave_4"], [[720, 9840], 11, "cave_4"], [[752, 9840], 11, "cave_4"], [[752, 9824], 11, "cave_4"], [[736, 9760], 11, "cave_4"], [[736, 9776], 11, "cave_4"], [[736, 9792], 11, "cave_4"], [[736, 9808], 11, "cave_4"], [[736, 9824], 11, "cave_4"], [[736, 9840], 11, "cave_4"], [[752, 9792], 11, "cave_4"], [[752, 9776], 11, "cave_4"], [[752, 9760], 11, "cave_4"], [[752, 9808], 11, "cave_4"], [[688, 9744], 25, "dungeon_1"], [[704, 9744], 25, "dungeon_1"], [[720, 9744], 25, "dungeon_1"], [[736, 9744], 25, "dungeon_1"], [[752, 9744], 25, "dungeon_1"], [[704, 9760], 28, "dungeon_4"], [[720, 9760], 28, "dungeon_4"], [[736, 9760], 28, "dungeon_4"], [[736, 9776], 28, "dungeon_4"], [[752, 9776], 28, "dungeon_4"], [[752, 9792], 28, "dungeon_4"], [[752, 9760], 28, "dungeon_4"], [[672, 9736], 23, "drygrass_props"]], "5;74": [[[672, 9584], 10, "cave_3"], [[672, 9568], 10, "cave_3"], [[688, 9584], 12, "cave_5"], [[688, 9568], 12, "cave_5"], [[688, 9552], 12, "cave_5"], [[640, 9552], 14, "cave_7"], [[656, 9552], 14, "cave_7"], [[640, 9536], 8, "cave_1"], [[656, 9536], 8, "cave_1"], [[672, 9536], 8, "cave_1"], [[688, 9536], 9, "cave_2"], [[672, 9552], 17, "cave_corner_1"], [[688, 9520], 11, "cave_4"], [[688, 9504], 11, "cave_4"], [[688, 9488], 11, "cave_4"], [[688, 9472], 11, "cave_4"], [[640, 9520], 11, "cave_4"], [[656, 9520], 11, "cave_4"], [[672, 9520], 11, "cave_4"], [[704, 9520], 11, "cave_4"], [[704, 9536], 11, "cave_4"], [[704, 9552], 11, "cave_4"], [[704, 9568], 11, "cave_4"], [[704, 9584], 11, "cave_4"], [[704, 9504], 11, "cave_4"], [[720, 9504], 11, "cave_4"], [[736, 9504], 11, "cave_4"], [[704, 9472], 11, "cave_4"], [[704, 9488], 11, "cave_4"], [[720, 9488], 11, "cave_4"], [[736, 9488], 11, "cave_4"], [[752, 9488], 11, "cave_4"], [[752, 9472], 11, "cave_4"], [[736, 9472], 11, "cave_4"], [[720, 9472], 11, "cave_4"], [[752, 9504], 11, "cave_4"], [[752, 9520], 11, "cave_4"], [[752, 9536], 11, "cave_4"], [[736, 9536], 11, "cave_4"], [[736, 9552], 11, "cave_4"], [[736, 9568], 11, "cave_4"], [[720, 9536], 11, "cave_4"], [[720, 9520], 11, "cave_4"], [[720, 9568], 11, "cave_4"], [[720, 9584], 11, "cave_4"], [[736, 9520], 11, "cave_4"], [[720, 9552], 11, "cave_4"], [[752, 9552], 11, "cave_4"], [[752, 9568], 11, "cave_4"], [[736, 9584], 11, "cave_4"], [[752, 9584], 11, "cave_4"], [[640, 9504], 11, "cave_4"], [[656, 9504], 11, "cave_4"], [[672, 9504], 11, "cave_4"], [[672, 9472], 11, "cave_4"], [[656, 9472], 11, "cave_4"], [[640, 9472], 11, "cave_4"], [[640, 9488], 11, "cave_4"], [[656, 9488], 11, "cave_4"], [[672, 9488], 11, "cave_4"]], "1;80": [[[128, 10256], 11, "cave_4"], [[144, 10256], 11, "cave_4"], [[160, 10256], 11, "cave_4"], [[176, 10256], 11, "cave_4"], [[192, 10256], 11, "cave_4"], [[208, 10256], 11, "cave_4"], [[224, 10256], 11, "cave_4"], [[240, 10256], 11, "cave_4"], [[128, 10240], 11, "cave_4"], [[144, 10240], 11, "cave_4"], [[160, 10240], 11, "cave_4"], [[176, 10240], 11, "cave_4"], [[192, 10240], 11, "cave_4"], [[208, 10240], 11, "cave_4"], [[224, 10240], 11, "cave_4"], [[240, 10240], 11, "cave_4"]], "-2;79": [[[-144, 10128], 11, "cave_4"], [[-160, 10128], 11, "cave_4"], [[-176, 10128], 11, "cave_4"], [[-176, 10144], 11, "cave_4"], [[-176, 10160], 11, "cave_4"], [[-176, 10176], 11, "cave_4"], [[-176, 10192], 11, "cave_4"], [[-176, 10208], 11, "cave_4"], [[-176, 10224], 11, "cave_4"], [[-176, 10112], 11, "cave_4"], [[-144, 10112], 11, "cave_4"], [[-144, 10144], 11, "cave_4"], [[-160, 10144], 11, "cave_4"], [[-160, 10160], 11, "cave_4"], [[-160, 10192], 11, "cave_4"], [[-160, 10208], 11, "cave_4"], [[-160, 10224], 11, "cave_4"], [[-144, 10208], 11, "cave_4"], [[-160, 10176], 11, "cave_4"], [[-144, 10224], 11, "cave_4"], [[-144, 10160], 11, "cave_4"], [[-144, 10176], 11, "cave_4"], [[-144, 10192], 11, "cave_4"], [[-160, 10112], 11, "cave_4"]], "-2;80": [[[-176, 10240], 11, "cave_4"], [[-160, 10256], 11, "cave_4"], [[-176, 10256], 11, "cave_4"], [[-144, 10256], 11, "cave_4"], [[-160, 10240], 11, "cave_4"], [[-144, 10240], 11, "cave_4"]], "-1;80": [[[-16, 10240], 11, "cave_4"], [[-16, 10256], 11, "cave_4"], [[-128, 10256], 11, "cave_4"], [[-112, 10256], 11, "cave_4"], [[-96, 10256], 11, "cave_4"], [[-80, 10256], 11, "cave_4"], [[-64, 10256], 11, "cave_4"], [[-48, 10256], 11, "cave_4"], [[-32, 10256], 11, "cave_4"], [[-128, 10240], 11, "cave_4"], [[-112, 10240], 11, "cave_4"], [[-96, 10240], 11, "cave_4"], [[-80, 10240], 11, "cave_4"], [[-64, 10240], 11, "cave_4"], [[-32, 10240], 11, "cave_4"], [[-48, 10240], 11, "cave_4"]], "2;80": [[[256, 10256], 11, "cave_4"], [[272, 10256], 11, "cave_4"], [[288, 10256], 11, "cave_4"], [[304, 10256], 11, "cave_4"], [[320, 10256], 11, "cave_4"], [[336, 10256], 11, "cave_4"], [[352, 10256], 11, "cave_4"], [[368, 10256], 11, "cave_4"], [[256, 10240], 11, "cave_4"], [[272, 10240], 11, "cave_4"], [[288, 10240], 11, "cave_4"], [[304, 10240], 11, "cave_4"], [[320, 10240], 11, "cave_4"], [[336, 10240], 11, "cave_4"], [[352, 10240], 11, "cave_4"], [[368, 10240], 11, "cave_4"]], "3;80": [[[384, 10256], 11, "cave_4"], [[400, 10256], 11, "cave_4"], [[416, 10256], 11, "cave_4"], [[432, 10256], 11, "cave_4"], [[448, 10256], 11, "cave_4"], [[464, 10256], 11, "cave_4"], [[480, 10256], 11, "cave_4"], [[496, 10256], 11, "cave_4"], [[384, 10240], 11, "cave_4"], [[400, 10240], 11, "cave_4"], [[416, 10240], 11, "cave_4"], [[432, 10240], 11, "cave_4"], [[448, 10240], 11, "cave_4"], [[464, 10240], 11, "cave_4"], [[480, 10240], 11, "cave_4"], [[496, 10240], 11, "cave_4"]], "4;80": [[[512, 10256], 11, "cave_4"], [[528, 10256], 11, "cave_4"], [[544, 10256], 11, "cave_4"], [[560, 10256], 11, "cave_4"], [[576, 10256], 11, "cave_4"], [[592, 10256], 11, "cave_4"], [[608, 10256], 11, "cave_4"], [[624, 10256], 11, "cave_4"], [[512, 10240], 11, "cave_4"], [[528, 10240], 11, "cave_4"], [[544, 10240], 11, "cave_4"], [[560, 10240], 11, "cave_4"], [[576, 10240], 11, "cave_4"], [[592, 10240], 11, "cave_4"], [[608, 10240], 11, "cave_4"], [[624, 10240], 11, "cave_4"]], "5;80": [[[640, 10256], 11, "cave_4"], [[704, 10256], 11, "cave_4"], [[720, 10256], 11, "cave_4"], [[656, 10256], 11, "cave_4"], [[672, 10256], 11, "cave_4"], [[688, 10256], 11, "cave_4"], [[736, 10256], 11, "cave_4"], [[752, 10256], 11, "cave_4"], [[704, 10240], 11, "cave_4"], [[720, 10240], 11, "cave_4"], [[736, 10240], 11, "cave_4"], [[752, 10240], 11, "cave_4"], [[640, 10240], 11, "cave_4"], [[656, 10240], 11, "cave_4"], [[672, 10240], 11, "cave_4"], [[688, 10240], 11, "cave_4"]], "6;80": [[[768, 10256], 11, "cave_4"], [[784, 10256], 11, "cave_4"], [[800, 10256], 11, "cave_4"], [[816, 10256], 11, "cave_4"], [[832, 10256], 11, "cave_4"], [[848, 10256], 11, "cave_4"], [[848, 10240], 11, "cave_4"], [[768, 10240], 11, "cave_4"], [[784, 10240], 11, "cave_4"], [[800, 10240], 11, "cave_4"], [[816, 10240], 11, "cave_4"], [[832, 10240], 11, "cave_4"]], "6;79": [[[848, 10224], 11, "cave_4"], [[848, 10208], 11, "cave_4"], [[848, 10192], 11, "cave_4"], [[848, 10176], 11, "cave_4"], [[848, 10160], 11, "cave_4"], [[848, 10144], 11, "cave_4"], [[848, 10128], 11, "cave_4"], [[848, 10112], 11, "cave_4"], [[832, 10192], 11, "cave_4"], [[816, 10192], 11, "cave_4"], [[800, 10192], 11, "cave_4"], [[784, 10192], 11, "cave_4"], [[768, 10208], 11, "cave_4"], [[768, 10224], 11, "cave_4"], [[784, 10224], 11, "cave_4"], [[800, 10224], 11, "cave_4"], [[816, 10224], 11, "cave_4"], [[832, 10224], 11, "cave_4"], [[832, 10208], 11, "cave_4"], [[816, 10208], 11, "cave_4"], [[800, 10208], 11, "cave_4"], [[784, 10208], 11, "cave_4"], [[768, 10192], 11, "cave_4"], [[768, 10160], 11, "cave_4"], [[768, 10176], 11, "cave_4"], [[784, 10176], 11, "cave_4"], [[800, 10176], 11, "cave_4"], [[816, 10176], 11, "cave_4"], [[832, 10176], 11, "cave_4"], [[832, 10160], 11, "cave_4"], [[832, 10144], 11, "cave_4"], [[832, 10128], 11, "cave_4"], [[832, 10112], 11, "cave_4"], [[784, 10160], 11, "cave_4"], [[800, 10160], 11, "cave_4"], [[816, 10160], 11, "cave_4"], [[816, 10144], 11, "cave_4"], [[800, 10144], 11, "cave_4"], [[784, 10144], 11, "cave_4"], [[768, 10144], 11, "cave_4"], [[768, 10128], 11, "cave_4"], [[768, 10112], 11, "cave_4"], [[816, 10112], 11, "cave_4"], [[816, 10128], 11, "cave_4"], [[800, 10128], 11, "cave_4"], [[800, 10112], 11, "cave_4"], [[784, 10112], 11, "cave_4"], [[784, 10128], 11, "cave_4"]], "6;78": [[[848, 10096], 11, "cave_4"], [[848, 10080], 11, "cave_4"], [[848, 10064], 11, "cave_4"], [[848, 10048], 11, "cave_4"], [[848, 10032], 11, "cave_4"], [[848, 10016], 11, "cave_4"], [[848, 10000], 11, "cave_4"], [[848, 9984], 11, "cave_4"], [[832, 10096], 11, "cave_4"], [[832, 10080], 11, "cave_4"], [[832, 10064], 11, "cave_4"], [[832, 10048], 11, "cave_4"], [[832, 10032], 11, "cave_4"], [[832, 10016], 11, "cave_4"], [[832, 10000], 11, "cave_4"], [[832, 9984], 11, "cave_4"], [[768, 10096], 11, "cave_4"], [[768, 10080], 11, "cave_4"], [[768, 10064], 11, "cave_4"], [[768, 10048], 11, "cave_4"], [[768, 10032], 11, "cave_4"], [[768, 10016], 11, "cave_4"], [[768, 10000], 11, "cave_4"], [[768, 9984], 11, "cave_4"], [[816, 9984], 11, "cave_4"], [[816, 10000], 11, "cave_4"], [[816, 10016], 11, "cave_4"], [[816, 10032], 11, "cave_4"], [[816, 10048], 11, "cave_4"], [[816, 10064], 11, "cave_4"], [[816, 10080], 11, "cave_4"], [[816, 10096], 11, "cave_4"], [[800, 10096], 11, "cave_4"], [[800, 10080], 11, "cave_4"], [[800, 10048], 11, "cave_4"], [[800, 10032], 11, "cave_4"], [[800, 10016], 11, "cave_4"], [[800, 10000], 11, "cave_4"], [[800, 9984], 11, "cave_4"], [[784, 9984], 11, "cave_4"], [[784, 10000], 11, "cave_4"], [[784, 10016], 11, "cave_4"], [[784, 10032], 11, "cave_4"], [[784, 10048], 11, "cave_4"], [[784, 10080], 11, "cave_4"], [[784, 10096], 11, "cave_4"], [[784, 10064], 11, "cave_4"], [[800, 10064], 11, "cave_4"]], "6;77": [[[848, 9968], 11, "cave_4"], [[848, 9952], 11, "cave_4"], [[848, 9936], 11, "cave_4"], [[848, 9920], 11, "cave_4"], [[848, 9904], 11, "cave_4"], [[832, 9888], 11, "cave_4"], [[832, 9872], 11, "cave_4"], [[832, 9856], 11, "cave_4"], [[848, 9872], 11, "cave_4"], [[848, 9856], 11, "cave_4"], [[848, 9888], 11, "cave_4"], [[832, 9968], 11, "cave_4"], [[816, 9952], 11, "cave_4"], [[816, 9936], 11, "cave_4"], [[784, 9936], 11, "cave_4"], [[768, 9936], 11, "cave_4"], [[768, 9968], 11, "cave_4"], [[784, 9952], 11, "cave_4"], [[800, 9952], 11, "cave_4"], [[800, 9968], 11, "cave_4"], [[816, 9968], 11, "cave_4"], [[784, 9968], 11, "cave_4"], [[768, 9952], 11, "cave_4"], [[800, 9936], 11, "cave_4"], [[832, 9936], 11, "cave_4"], [[832, 9952], 11, "cave_4"], [[832, 9920], 11, "cave_4"], [[832, 9904], 11, "cave_4"], [[800, 9920], 11, "cave_4"], [[816, 9920], 11, "cave_4"], [[816, 9904], 11, "cave_4"], [[816, 9888], 11, "cave_4"], [[816, 9872], 11, "cave_4"], [[816, 9856], 11, "cave_4"], [[784, 9856], 11, "cave_4"], [[784, 9872], 11, "cave_4"], [[768, 9888], 11, "cave_4"], [[768, 9904], 11, "cave_4"], [[768, 9920], 11, "cave_4"], [[784, 9920], 11, "cave_4"], [[800, 9904], 11, "cave_4"], [[800, 9888], 11, "cave_4"], [[800, 9872], 11, "cave_4"], [[800, 9856], 11, "cave_4"], [[784, 9904], 11, "cave_4"], [[784, 9888], 11, "cave_4"], [[768, 9856], 11, "cave_4"], [[768, 9872], 11, "cave_4"], [[864, 9856], 28, "dungeon_4"], [[880, 9856], 28, "dungeon_4"], [[880, 9872], 28, "dungeon_4"], [[864, 9872], 11, "cave_4"], [[864, 9888], 11, "cave_4"], [[864, 9904], 11, "cave_4"], [[864, 9920], 11, "cave_4"], [[864, 9936], 11, "cave_4"], [[880, 9936], 11, "cave_4"], [[880, 9888], 11, "cave_4"], [[880, 9920], 11, "cave_4"], [[880, 9904], 11, "cave_4"]], "6;76": [[[832, 9840], 11, "cave_4"], [[832, 9824], 11, "cave_4"], [[848, 9840], 11, "cave_4"], [[848, 9824], 11, "cave_4"], [[848, 9808], 11, "cave_4"], [[848, 9792], 11, "cave_4"], [[848, 9776], 11, "cave_4"], [[848, 9760], 11, "cave_4"], [[848, 9744], 11, "cave_4"], [[832, 9808], 11, "cave_4"], [[832, 9792], 11, "cave_4"], [[832, 9776], 11, "cave_4"], [[832, 9760], 11, "cave_4"], [[832, 9744], 11, "cave_4"], [[832, 9728], 11, "cave_4"], [[816, 9840], 11, "cave_4"], [[816, 9824], 11, "cave_4"], [[816, 9808], 11, "cave_4"], [[816, 9792], 11, "cave_4"], [[816, 9776], 11, "cave_4"], [[816, 9760], 11, "cave_4"], [[816, 9744], 11, "cave_4"], [[816, 9728], 11, "cave_4"], [[800, 9776], 11, "cave_4"], [[800, 9792], 11, "cave_4"], [[800, 9824], 11, "cave_4"], [[784, 9840], 11, "cave_4"], [[800, 9840], 11, "cave_4"], [[784, 9824], 11, "cave_4"], [[800, 9808], 11, "cave_4"], [[800, 9760], 11, "cave_4"], [[800, 9744], 11, "cave_4"], [[800, 9728], 11, "cave_4"], [[768, 9824], 11, "cave_4"], [[768, 9808], 11, "cave_4"], [[768, 9792], 11, "cave_4"], [[768, 9840], 11, "cave_4"], [[768, 9776], 11, "cave_4"], [[768, 9760], 11, "cave_4"], [[784, 9728], 11, "cave_4"], [[784, 9744], 11, "cave_4"], [[784, 9760], 11, "cave_4"], [[784, 9776], 11, "cave_4"], [[784, 9792], 11, "cave_4"], [[784, 9808], 11, "cave_4"], [[768, 9728], 27, "dungeon_3"], [[768, 9744], 35, "dungeon_corner_2"], [[768, 9792], 28, "dungeon_4"], [[784, 9808], 28, "dungeon_4"], [[800, 9808], 28, "dungeon_4"], [[816, 9824], 28, "dungeon_4"], [[832, 9824], 28, "dungeon_4"], [[832, 9840], 28, "dungeon_4"], [[848, 9840], 28, "dungeon_4"], [[768, 9760], 28, "dungeon_4"], [[784, 9760], 28, "dungeon_4"], [[768, 9776], 28, "dungeon_4"], [[784, 9776], 28, "dungeon_4"], [[784, 9792], 28, "dungeon_4"], [[800, 9792], 28, "dungeon_4"], [[816, 9808], 28, "dungeon_4"], [[832, 9808], 28, "dungeon_4"], [[848, 9824], 28, "dungeon_4"], [[848, 9808], 28, "dungeon_4"], [[832, 9792], 28, "dungeon_4"], [[816, 9776], 28, "dungeon_4"], [[800, 9760], 28, "dungeon_4"], [[784, 9744], 28, "dungeon_4"], [[800, 9776], 28, "dungeon_4"], [[816, 9792], 28, "dungeon_4"], [[848, 9792], 28, "dungeon_4"], [[784, 9728], 28, "dungeon_4"], [[800, 9728], 28, "dungeon_4"], [[816, 9728], 28, "dungeon_4"], [[832, 9728], 28, "dungeon_4"], [[800, 9744], 28, "dungeon_4"], [[816, 9760], 28, "dungeon_4"], [[832, 9760], 28, "dungeon_4"], [[832, 9744], 28, "dungeon_4"], [[816, 9744], 28, "dungeon_4"], [[848, 9760], 28, "dungeon_4"], [[848, 9776], 28, "dungeon_4"], [[832, 9776], 28, "dungeon_4"], [[848, 9744], 28, "dungeon_4"], [[864, 9840], 28, "dungeon_4"], [[864, 9760], 28, "dungeon_4"], [[880, 9760], 28, "dungeon_4"], [[864, 9792], 28, "dungeon_4"], [[880, 9808], 28, "dungeon_4"], [[880, 9824], 28, "dungeon_4"], [[880, 9840], 28, "dungeon_4"], [[864, 9776], 28, "dungeon_4"], [[864, 9808], 28, "dungeon_4"], [[880, 9776], 28, "dungeon_4"], [[864, 9824], 28, "dungeon_4"], [[880, 9792], 28, "dungeon_4"], [[848, 9728], 28, "dungeon_4"], [[864, 9728], 28, "dungeon_4"], [[864, 9744], 28, "dungeon_4"], [[880, 9744], 28, "dungeon_4"], [[880, 9728], 11, "cave_4"]], "6;75": [[[848, 9712], 11, "cave_4"], [[848, 9696], 11, "cave_4"], [[848, 9680], 11, "cave_4"], [[848, 9664], 11, "cave_4"], [[848, 9648], 11, "cave_4"], [[848, 9632], 11, "cave_4"], [[848, 9616], 11, "cave_4"], [[848, 9600], 11, "cave_4"], [[832, 9712], 11, "cave_4"], [[832, 9696], 11, "cave_4"], [[832, 9680], 11, "cave_4"], [[832, 9664], 11, "cave_4"], [[832, 9648], 11, "cave_4"], [[832, 9632], 11, "cave_4"], [[832, 9616], 11, "cave_4"], [[832, 9600], 11, "cave_4"], [[816, 9712], 11, "cave_4"], [[816, 9696], 11, "cave_4"], [[816, 9680], 11, "cave_4"], [[816, 9664], 11, "cave_4"], [[816, 9648], 11, "cave_4"], [[800, 9648], 11, "cave_4"], [[800, 9632], 11, "cave_4"], [[800, 9616], 11, "cave_4"], [[800, 9600], 11, "cave_4"], [[816, 9600], 11, "cave_4"], [[816, 9616], 11, "cave_4"], [[800, 9712], 11, "cave_4"], [[800, 9696], 11, "cave_4"], [[800, 9680], 11, "cave_4"], [[800, 9664], 11, "cave_4"], [[816, 9632], 11, "cave_4"], [[768, 9648], 11, "cave_4"], [[768, 9632], 11, "cave_4"], [[768, 9616], 11, "cave_4"], [[768, 9600], 11, "cave_4"], [[784, 9600], 11, "cave_4"], [[784, 9616], 11, "cave_4"], [[784, 9632], 11, "cave_4"], [[784, 9648], 11, "cave_4"], [[784, 9664], 11, "cave_4"], [[784, 9696], 11, "cave_4"], [[784, 9712], 11, "cave_4"], [[768, 9664], 11, "cave_4"], [[784, 9680], 11, "cave_4"], [[768, 9696], 27, "dungeon_3"], [[768, 9712], 27, "dungeon_3"], [[768, 9680], 34, "dungeon_corner_1"], [[784, 9680], 28, "dungeon_4"], [[784, 9696], 28, "dungeon_4"], [[800, 9696], 28, "dungeon_4"], [[816, 9712], 28, "dungeon_4"], [[832, 9712], 28, "dungeon_4"], [[800, 9712], 28, "dungeon_4"], [[784, 9712], 28, "dungeon_4"], [[816, 9696], 28, "dungeon_4"], [[864, 9680], 11, "cave_4"], [[880, 9696], 11, "cave_4"], [[864, 9696], 11, "cave_4"], [[864, 9712], 11, "cave_4"], [[880, 9712], 11, "cave_4"], [[880, 9616], 11, "cave_4"], [[864, 9616], 11, "cave_4"], [[880, 9632], 11, "cave_4"], [[864, 9632], 11, "cave_4"], [[864, 9648], 11, "cave_4"], [[864, 9664], 11, "cave_4"], [[880, 9648], 11, "cave_4"], [[880, 9664], 11, "cave_4"], [[880, 9680], 11, "cave_4"], [[864, 9600], 11, "cave_4"], [[880, 9600], 11, "cave_4"]], "6;74": [[[848, 9584], 11, "cave_4"], [[848, 9568], 11, "cave_4"], [[848, 9552], 11, "cave_4"], [[848, 9536], 11, "cave_4"], [[848, 9520], 11, "cave_4"], [[848, 9504], 11, "cave_4"], [[848, 9472], 11, "cave_4"], [[848, 9488], 11, "cave_4"], [[832, 9584], 11, "cave_4"], [[832, 9568], 11, "cave_4"], [[832, 9552], 11, "cave_4"], [[832, 9536], 11, "cave_4"], [[832, 9520], 11, "cave_4"], [[832, 9504], 11, "cave_4"], [[816, 9488], 11, "cave_4"], [[816, 9472], 11, "cave_4"], [[832, 9472], 11, "cave_4"], [[832, 9488], 11, "cave_4"], [[768, 9504], 11, "cave_4"], [[784, 9504], 11, "cave_4"], [[800, 9504], 11, "cave_4"], [[816, 9504], 11, "cave_4"], [[800, 9472], 11, "cave_4"], [[768, 9488], 11, "cave_4"], [[784, 9488], 11, "cave_4"], [[800, 9488], 11, "cave_4"], [[784, 9472], 11, "cave_4"], [[768, 9472], 11, "cave_4"], [[800, 9584], 11, "cave_4"], [[800, 9568], 11, "cave_4"], [[816, 9568], 11, "cave_4"], [[816, 9552], 11, "cave_4"], [[816, 9536], 11, "cave_4"], [[816, 9520], 11, "cave_4"], [[768, 9536], 11, "cave_4"], [[784, 9536], 11, "cave_4"], [[800, 9520], 11, "cave_4"], [[784, 9520], 11, "cave_4"], [[768, 9520], 11, "cave_4"], [[800, 9536], 11, "cave_4"], [[800, 9552], 11, "cave_4"], [[816, 9584], 11, "cave_4"], [[784, 9552], 11, "cave_4"], [[768, 9552], 11, "cave_4"], [[768, 9568], 11, "cave_4"], [[768, 9584], 11, "cave_4"], [[784, 9568], 11, "cave_4"], [[784, 9584], 11, "cave_4"], [[880, 9584], 11, "cave_4"], [[864, 9584], 11, "cave_4"]], "5;73": [[[688, 9456], 11, "cave_4"], [[688, 9440], 11, "cave_4"], [[704, 9440], 11, "cave_4"], [[720, 9440], 11, "cave_4"], [[736, 9440], 11, "cave_4"], [[752, 9440], 11, "cave_4"], [[672, 9440], 11, "cave_4"], [[656, 9440], 11, "cave_4"], [[640, 9440], 11, "cave_4"], [[752, 9456], 11, "cave_4"], [[736, 9456], 11, "cave_4"], [[704, 9456], 11, "cave_4"], [[720, 9456], 11, "cave_4"], [[656, 9456], 11, "cave_4"], [[640, 9456], 11, "cave_4"], [[672, 9456], 11, "cave_4"]], "6;73": [[[768, 9440], 11, "cave_4"], [[784, 9440], 11, "cave_4"], [[800, 9440], 11, "cave_4"], [[816, 9440], 11, "cave_4"], [[832, 9440], 11, "cave_4"], [[848, 9440], 11, "cave_4"], [[848, 9456], 11, "cave_4"], [[816, 9456], 11, "cave_4"], [[832, 9456], 11, "cave_4"], [[784, 9456], 11, "cave_4"], [[800, 9456], 11, "cave_4"], [[768, 9456], 11, "cave_4"]], "4;73": [[[624, 9440], 11, "cave_4"], [[608, 9440], 11, "cave_4"], [[592, 9440], 11, "cave_4"], [[576, 9440], 11, "cave_4"], [[560, 9440], 11, "cave_4"], [[544, 9440], 11, "cave_4"], [[528, 9440], 11, "cave_4"], [[512, 9440], 11, "cave_4"], [[624, 9456], 11, "cave_4"], [[608, 9456], 11, "cave_4"], [[592, 9456], 11, "cave_4"], [[528, 9456], 11, "cave_4"], [[544, 9456], 11, "cave_4"], [[560, 9456], 11, "cave_4"], [[576, 9456], 11, "cave_4"], [[512, 9456], 11, "cave_4"]], "3;73": [[[496, 9440], 11, "cave_4"], [[480, 9440], 11, "cave_4"], [[464, 9440], 11, "cave_4"], [[448, 9440], 11, "cave_4"], [[432, 9440], 11, "cave_4"], [[416, 9440], 11, "cave_4"], [[400, 9440], 11, "cave_4"], [[384, 9440], 11, "cave_4"], [[400, 9456], 11, "cave_4"], [[416, 9456], 11, "cave_4"], [[432, 9456], 11, "cave_4"], [[448, 9456], 11, "cave_4"], [[464, 9456], 11, "cave_4"], [[480, 9456], 11, "cave_4"], [[496, 9456], 11, "cave_4"], [[384, 9456], 11, "cave_4"]], "2;73": [[[368, 9440], 11, "cave_4"], [[352, 9440], 11, "cave_4"], [[336, 9440], 11, "cave_4"], [[320, 9440], 11, "cave_4"], [[304, 9440], 11, "cave_4"], [[288, 9440], 11, "cave_4"], [[272, 9440], 11, "cave_4"], [[256, 9440], 11, "cave_4"], [[256, 9456], 11, "cave_4"], [[272, 9456], 11, "cave_4"], [[288, 9456], 11, "cave_4"], [[304, 9456], 11, "cave_4"], [[320, 9456], 11, "cave_4"], [[336, 9456], 11, "cave_4"], [[352, 9456], 11, "cave_4"], [[368, 9456], 11, "cave_4"]], "1;73": [[[240, 9440], 11, "cave_4"], [[224, 9440], 11, "cave_4"], [[208, 9440], 11, "cave_4"], [[192, 9440], 11, "cave_4"], [[176, 9440], 11, "cave_4"], [[160, 9440], 11, "cave_4"], [[144, 9440], 11, "cave_4"], [[128, 9440], 11, "cave_4"], [[128, 9456], 11, "cave_4"], [[144, 9456], 11, "cave_4"], [[160, 9456], 11, "cave_4"], [[176, 9456], 11, "cave_4"], [[192, 9456], 11, "cave_4"], [[208, 9456], 11, "cave_4"], [[224, 9456], 11, "cave_4"], [[240, 9456], 11, "cave_4"]], "0;73": [[[112, 9440], 11, "cave_4"], [[96, 9440], 11, "cave_4"], [[80, 9440], 11, "cave_4"], [[64, 9440], 11, "cave_4"], [[48, 9440], 11, "cave_4"], [[32, 9440], 11, "cave_4"], [[16, 9440], 11, "cave_4"], [[0, 9440], 11, "cave_4"], [[0, 9456], 11, "cave_4"], [[16, 9456], 11, "cave_4"], [[32, 9456], 11, "cave_4"], [[48, 9456], 11, "cave_4"], [[64, 9456], 11, "cave_4"], [[80, 9456], 11, "cave_4"], [[96, 9456], 11, "cave_4"], [[112, 9456], 11, "cave_4"]], "-1;73": [[[-16, 9440], 11, "cave_4"], [[-32, 9440], 11, "cave_4"], [[-48, 9440], 11, "cave_4"], [[-64, 9440], 11, "cave_4"], [[-80, 9440], 11, "cave_4"], [[-96, 9440], 11, "cave_4"], [[-112, 9440], 11, "cave_4"], [[-128, 9440], 11, "cave_4"], [[-96, 9456], 11, "cave_4"], [[-80, 9456], 11, "cave_4"], [[-64, 9456], 11, "cave_4"], [[-112, 9456], 11, "cave_4"], [[-128, 9456], 11, "cave_4"], [[-48, 9456], 11, "cave_4"], [[-32, 9456], 11, "cave_4"], [[-16, 9456], 11, "cave_4"]], "-2;73": [[[-144, 9440], 11, "cave_4"], [[-160, 9440], 11, "cave_4"], [[-176, 9440], 11, "cave_4"], [[-176, 9456], 11, "cave_4"], [[-160, 9456], 11, "cave_4"], [[-144, 9456], 11, "cave_4"]], "-2;74": [[[-160, 9568], 11, "cave_4"], [[-160, 9552], 11, "cave_4"], [[-176, 9584], 11, "cave_4"], [[-176, 9568], 11, "cave_4"], [[-176, 9552], 11, "cave_4"], [[-176, 9536], 11, "cave_4"], [[-176, 9520], 11, "cave_4"], [[-176, 9504], 11, "cave_4"], [[-176, 9488], 11, "cave_4"], [[-176, 9472], 11, "cave_4"], [[-160, 9584], 11, "cave_4"], [[-160, 9472], 11, "cave_4"], [[-160, 9488], 11, "cave_4"], [[-160, 9520], 11, "cave_4"], [[-160, 9536], 11, "cave_4"], [[-160, 9504], 11, "cave_4"], [[-144, 9472], 11, "cave_4"], [[-144, 9488], 11, "cave_4"], [[-144, 9552], 11, "cave_4"], [[-144, 9568], 11, "cave_4"], [[-144, 9584], 11, "cave_4"], [[-144, 9536], 11, "cave_4"], [[-144, 9520], 11, "cave_4"], [[-144, 9504], 11, "cave_4"]], "-2;75": [[[-176, 9712], 11, "cave_4"], [[-176, 9696], 11, "cave_4"], [[-176, 9680], 11, "cave_4"], [[-176, 9664], 11, "cave_4"], [[-160, 9632], 11, "cave_4"], [[-160, 9616], 11, "cave_4"], [[-160, 9600], 11, "cave_4"], [[-176, 9648], 11, "cave_4"], [[-176, 9632], 11, "cave_4"], [[-176, 9616], 11, "cave_4"], [[-176, 9600], 11, "cave_4"], [[-160, 9648], 11, "cave_4"], [[-160, 9664], 11, "cave_4"], [[-160, 9680], 11, "cave_4"], [[-160, 9696], 11, "cave_4"], [[-160, 9712], 11, "cave_4"], [[-144, 9600], 11, "cave_4"], [[-144, 9616], 11, "cave_4"], [[-144, 9648], 11, "cave_4"], [[-144, 9664], 11, "cave_4"], [[-144, 9680], 11, "cave_4"], [[-144, 9696], 11, "cave_4"], [[-144, 9712], 11, "cave_4"], [[-144, 9632], 11, "cave_4"]], "-2;76": [[[-176, 9840], 11, "cave_4"], [[-176, 9824], 11, "cave_4"], [[-176, 9808], 11, "cave_4"], [[-176, 9792], 11, "cave_4"], [[-176, 9776], 11, "cave_4"], [[-176, 9760], 11, "cave_4"], [[-176, 9744], 11, "cave_4"], [[-176, 9728], 11, "cave_4"], [[-144, 9728], 11, "cave_4"], [[-160, 9728], 11, "cave_4"], [[-144, 9744], 11, "cave_4"], [[-144, 9760], 11, "cave_4"], [[-144, 9776], 11, "cave_4"], [[-160, 9776], 11, "cave_4"], [[-160, 9760], 11, "cave_4"], [[-144, 9792], 11, "cave_4"], [[-144, 9808], 11, "cave_4"], [[-144, 9824], 11, "cave_4"], [[-160, 9824], 11, "cave_4"], [[-144, 9840], 11, "cave_4"], [[-160, 9840], 11, "cave_4"], [[-160, 9808], 11, "cave_4"], [[-160, 9792], 11, "cave_4"], [[-160, 9744], 11, "cave_4"]], "-2;77": [[[-176, 9968], 11, "cave_4"], [[-176, 9952], 11, "cave_4"], [[-176, 9936], 11, "cave_4"], [[-176, 9920], 11, "cave_4"], [[-176, 9904], 11, "cave_4"], [[-176, 9888], 11, "cave_4"], [[-176, 9872], 11, "cave_4"], [[-176, 9856], 11, "cave_4"], [[-144, 9856], 11, "cave_4"], [[-144, 9872], 11, "cave_4"], [[-144, 9888], 11, "cave_4"], [[-160, 9888], 11, "cave_4"], [[-160, 9872], 11, "cave_4"], [[-144, 9904], 11, "cave_4"], [[-144, 9920], 11, "cave_4"], [[-144, 9936], 11, "cave_4"], [[-160, 9936], 11, "cave_4"], [[-144, 9952], 11, "cave_4"], [[-144, 9968], 11, "cave_4"], [[-160, 9920], 11, "cave_4"], [[-160, 9904], 11, "cave_4"], [[-160, 9952], 11, "cave_4"], [[-160, 9968], 11, "cave_4"], [[-160, 9856], 11, "cave_4"]], "-2;78": [[[-176, 10096], 11, "cave_4"], [[-176, 10080], 11, "cave_4"], [[-176, 10064], 11, "cave_4"], [[-176, 10048], 11, "cave_4"], [[-176, 10032], 11, "cave_4"], [[-176, 10016], 11, "cave_4"], [[-176, 10000], 11, "cave_4"], [[-176, 9984], 11, "cave_4"], [[-144, 9984], 11, "cave_4"], [[-160, 9984], 11, "cave_4"], [[-144, 10000], 11, "cave_4"], [[-144, 10016], 11, "cave_4"], [[-144, 10032], 11, "cave_4"], [[-160, 10032], 11, "cave_4"], [[-144, 10048], 11, "cave_4"], [[-144, 10064], 11, "cave_4"], [[-144, 10080], 11, "cave_4"], [[-160, 10080], 11, "cave_4"], [[-160, 10096], 11, "cave_4"], [[-144, 10096], 11, "cave_4"], [[-160, 10064], 11, "cave_4"], [[-160, 10048], 11, "cave_4"], [[-160, 10016], 11, "cave_4"], [[-160, 10000], 11, "cave_4"]], "7;76": [[[944, 9808], 28, "dungeon_4"], [[944, 9824], 28, "dungeon_4"], [[944, 9840], 28, "dungeon_4"], [[928, 9840], 28, "dungeon_4"], [[928, 9824], 28, "dungeon_4"], [[928, 9808], 28, "dungeon_4"], [[928, 9792], 28, "dungeon_4"], [[912, 9840], 28, "dungeon_4"], [[912, 9824], 28, "dungeon_4"], [[912, 9808], 28, "dungeon_4"], [[912, 9792], 28, "dungeon_4"], [[912, 9776], 28, "dungeon_4"], [[896, 9808], 28, "dungeon_4"], [[896, 9792], 28, "dungeon_4"], [[896, 9776], 28, "dungeon_4"], [[896, 9824], 28, "dungeon_4"], [[896, 9840], 28, "dungeon_4"], [[896, 9760], 28, "dungeon_4"], [[912, 9760], 28, "dungeon_4"], [[928, 9776], 28, "dungeon_4"], [[944, 9792], 28, "dungeon_4"], [[896, 9728], 11, "cave_4"], [[896, 9744], 11, "cave_4"], [[912, 9744], 11, "cave_4"], [[928, 9744], 11, "cave_4"], [[928, 9760], 11, "cave_4"], [[944, 9760], 11, "cave_4"], [[944, 9776], 11, "cave_4"], [[944, 9744], 11, "cave_4"], [[928, 9728], 11, "cave_4"], [[944, 9728], 11, "cave_4"], [[912, 9728], 11, "cave_4"]], "7;77": [[[896, 9872], 28, "dungeon_4"], [[912, 9872], 28, "dungeon_4"], [[912, 9888], 28, "dungeon_4"], [[928, 9888], 28, "dungeon_4"], [[944, 9888], 28, "dungeon_4"], [[944, 9904], 28, "dungeon_4"], [[944, 9856], 28, "dungeon_4"], [[944, 9872], 28, "dungeon_4"], [[928, 9872], 28, "dungeon_4"], [[928, 9856], 28, "dungeon_4"], [[896, 9856], 28, "dungeon_4"], [[912, 9856], 28, "dungeon_4"], [[896, 9936], 11, "cave_4"], [[912, 9920], 11, "cave_4"], [[928, 9920], 11, "cave_4"], [[944, 9920], 11, "cave_4"], [[928, 9936], 11, "cave_4"], [[912, 9936], 11, "cave_4"], [[896, 9920], 11, "cave_4"], [[896, 9904], 11, "cave_4"], [[912, 9904], 11, "cave_4"], [[928, 9904], 11, "cave_4"], [[896, 9888], 11, "cave_4"], [[944, 9936], 11, "cave_4"]], "7;75": [[[896, 9696], 11, "cave_4"], [[912, 9696], 11, "cave_4"], [[944, 9712], 11, "cave_4"], [[944, 9696], 11, "cave_4"], [[944, 9680], 11, "cave_4"], [[944, 9664], 11, "cave_4"], [[944, 9648], 11, "cave_4"], [[944, 9632], 11, "cave_4"], [[944, 9616], 11, "cave_4"], [[928, 9616], 11, "cave_4"], [[912, 9616], 11, "cave_4"], [[896, 9616], 11, "cave_4"], [[896, 9632], 11, "cave_4"], [[912, 9632], 11, "cave_4"], [[928, 9632], 11, "cave_4"], [[896, 9648], 11, "cave_4"], [[896, 9680], 11, "cave_4"], [[912, 9680], 11, "cave_4"], [[912, 9664], 11, "cave_4"], [[912, 9648], 11, "cave_4"], [[896, 9664], 11, "cave_4"], [[928, 9664], 11, "cave_4"], [[928, 9648], 11, "cave_4"], [[928, 9680], 11, "cave_4"], [[928, 9696], 11, "cave_4"], [[928, 9712], 11, "cave_4"], [[912, 9712], 11, "cave_4"], [[896, 9712], 11, "cave_4"], [[896, 9600], 11, "cave_4"], [[912, 9600], 11, "cave_4"], [[928, 9600], 11, "cave_4"], [[944, 9600], 11, "cave_4"]], "7;74": [[[944, 9584], 11, "cave_4"], [[928, 9584], 11, "cave_4"], [[912, 9584], 11, "cave_4"], [[896, 9584], 11, "cave_4"]]}, "object": [[[688, 9696], 79, "strange_door"], [[744, 9720], 65, "door"], [[24, 10056], 80, "tiki_torch_props"], [[112, 10104], 80, "tiki_torch_props"], [[152, 10008], 80, "tiki_torch_props"], [[248, 10056], 80, "tiki_torch_props"], [[320, 10120], 80, "tiki_torch_props"], [[368, 10008], 80, "tiki_torch_props"], [[480, 9960], 80, "tiki_torch_props"], [[488, 10104], 80, "tiki_torch_props"], [[656, 10072], 80, "tiki_torch_props"], [[664, 9928], 80, "tiki_torch_props"], [[640, 9784], 80, "tiki_torch_props"], [[712, 9720], 80, "tiki_torch_props"], [[576, 9880], 80, "tiki_torch_props"], [[512, 9688], 80, "tiki_torch_props"], [[552, 9624], 80, "tiki_torch_props"], [[624, 9576], 80, "tiki_torch_props"], [[304, 9688], 80, "tiki_torch_props"], [[152, 9592], 80, "tiki_torch_props"], [[88, 9688], 80, "tiki_torch_props"], [[80, 9768], 80, "tiki_torch_props"], [[144, 9944], 80, "tiki_torch_props"], [[264, 9880], 80, "tiki_torch_props"], [[384, 9816], 80, "tiki_torch_props"], [[208, 9752], 80, "tiki_torch_props"], [[376, 9752], 80, "tiki_torch_props"], [[608, 9960], 80, "tiki_torch_props"], [[400, 9632], 69, "lever"], [[32, 9704], 70, "loot_box"], [[560, 9576], 70, "loot_box"], [[560, 10072], 70, "loot_box"], [[32, 10128], 83, "vase"], [[528, 10128], 83, "vase"], [[32, 9888], 83, "vase"], [[128, 9696], 83, "vase"], [[240, 9760], 83, "vase"], [[400, 9696], 83, "vase"], [[544, 9888], 83, "vase"], [[272, 9888], 83, "vase"], [[160, 10112], 83, "vase"], [[384, 10064], 83, "vase"], [[512, 9632], 83, "vase"], [[32, 9936], 76, "spikes"], [[16, 9936], 76, "spikes"], [[384, 9872], 76, "spikes"], [[416, 9808], 76, "spikes"], [[432, 9808], 76, "spikes"], [[640, 9568], 76, "spikes"], [[656, 9568], 76, "spikes"], [[496, 10016], 76, "spikes"], [[512, 10016], 76, "spikes"], [[336, 9568], 76, "spikes"], [[352, 9568], 76, "spikes"], [[560, 9616], 76, "spikes"], [[576, 9616], 76, "spikes"], [[592, 9616], 76, "spikes"], [[400, 9872], 76, "spikes"], [[656, 9664], 76, "spikes"], [[48, 9896], 70, "loot_box"], [[368, 9820], 75, "save_point"], [[240, 9692], 75, "save_point"], [[16, 10040], 64, "coin"], [[40, 10016], 64, "coin"], [[24, 10016], 64, "coin"], [[32, 9992], 64, "coin"], [[40, 9976], 64, "coin"], [[72, 9944], 64, "coin"], [[104, 9944], 64, "coin"], [[120, 9944], 64, "coin"], [[232, 10048], 64, "coin"], [[208, 10072], 64, "coin"], [[200, 10088], 64, "coin"], [[216, 10104], 64, "coin"], [[232, 10112], 64, "coin"], [[312, 10048], 64, "coin"], [[328, 10016], 64, "coin"], [[336, 10008], 64, "coin"], [[344, 10008], 64, "coin"], [[40, 9784], 64, "coin"], [[56, 9760], 64, "coin"], [[96, 9752], 64, "coin"], [[112, 9760], 64, "coin"], [[112, 9768], 64, "coin"], [[112, 9792], 64, "coin"], [[120, 9808], 64, "coin"], [[424, 9936], 64, "coin"], [[424, 9904], 64, "coin"], [[424, 9896], 64, "coin"], [[424, 9880], 64, "coin"], [[432, 9856], 64, "coin"], [[448, 9840], 64, "coin"], [[224, 9664], 64, "coin"], [[232, 9640], 64, "coin"], [[208, 9616], 64, "coin"], [[208, 9608], 64, "coin"], [[200, 9600], 64, "coin"], [[192, 9592], 64, "coin"], [[184, 9592], 64, "coin"], [[160, 9592], 64, "coin"], [[168, 9592], 64, "coin"], [[152, 9584], 64, "coin"], [[144, 9584], 64, "coin"], [[544, 9704], 64, "coin"], [[560, 9728], 64, "coin"], [[568, 9752], 64, "coin"], [[576, 9784], 64, "coin"], [[576, 9776], 64, "coin"], [[576, 9800], 64, "coin"], [[576, 9808], 64, "coin"], [[336, 9640], 64, "coin"], [[376, 9616], 64, "coin"], [[384, 9616], 64, "coin"], [[400, 9608], 64, "coin"], [[208, 9872], 64, "coin"], [[232, 9864], 64, "coin"], [[256, 9856], 64, "coin"], [[272, 9848], 64, "coin"], [[280, 9848], 64, "coin"], [[296, 9840], 64, "coin"], [[600, 9960], 64, "coin"], [[624, 9952], 64, "coin"], [[632, 9968], 64, "coin"], [[640, 9992], 64, "coin"], [[640, 10016], 64, "coin"]], "entity": [[[-16, 10064], 90, "herochar"], [[80, 9776], 88, "bomber_goblin"], [[256, 10128], 89, "goblin"], [[160, 9952], 89, "goblin"], [[576, 10128], 93, "slime"], [[528, 9968], 91, "mushroom"], [[320, 9760], 91, "mushroom"], [[672, 9728], 88, "bomber_goblin"], [[160, 9600], 88, "bomber_goblin"], [[448, 9888], 88, "bomber_goblin"], [[352, 9696], 89, "goblin"], [[112, 9696], 93, "slime"], [[192, 10016], 88, "bomber_goblin"], [[240, 9888], 88, "bomber_goblin"], [[352, 10016], 88, "bomber_goblin"], [[608, 9776], 88, "bomber_goblin"], [[448, 9584], 88, "bomber_goblin"], [[544, 10032], 88, "bomber_goblin"], [[496, 9696], 88, "bomber_goblin"]], "variable": {}}