{"tile": {"-1;79": [[[-16, 10144], 53, "grass_top"], [[-32, 10144], 53, "grass_top"], [[-48, 10144], 53, "grass_top"], [[-64, 10144], 53, "grass_top"], [[-80, 10144], 53, "grass_top"], [[-128, 10144], 53, "grass_top"], [[-112, 10144], 53, "grass_top"], [[-96, 10144], 53, "grass_top"], [[-128, 10144], 25, "dungeon_1"], [[-112, 10144], 25, "dungeon_1"], [[-96, 10144], 25, "dungeon_1"], [[-80, 10144], 25, "dungeon_1"], [[-64, 10144], 25, "dungeon_1"], [[-48, 10144], 25, "dungeon_1"], [[-32, 10144], 25, "dungeon_1"], [[-16, 10144], 25, "dungeon_1"], [[-16, 10160], 28, "dungeon_4"], [[-32, 10160], 28, "dungeon_4"], [[-48, 10160], 28, "dungeon_4"], [[-64, 10160], 28, "dungeon_4"], [[-80, 10160], 28, "dungeon_4"], [[-80, 10176], 28, "dungeon_4"], [[-80, 10192], 28, "dungeon_4"], [[-64, 10192], 28, "dungeon_4"], [[-64, 10208], 28, "dungeon_4"], [[-48, 10208], 28, "dungeon_4"], [[-32, 10208], 28, "dungeon_4"], [[-16, 10208], 28, "dungeon_4"], [[-80, 10208], 28, "dungeon_4"], [[-96, 10208], 28, "dungeon_4"], [[-48, 10176], 28, "dungeon_4"], [[-32, 10176], 28, "dungeon_4"], [[-16, 10176], 28, "dungeon_4"], [[-16, 10192], 28, "dungeon_4"], [[-32, 10192], 28, "dungeon_4"], [[-48, 10192], 28, "dungeon_4"], [[-64, 10176], 28, "dungeon_4"], [[-16, 10224], 28, "dungeon_4"], [[-32, 10224], 28, "dungeon_4"], [[-48, 10224], 28, "dungeon_4"], [[-64, 10224], 28, "dungeon_4"], [[-80, 10224], 28, "dungeon_4"], [[-96, 10224], 28, "dungeon_4"], [[-112, 10224], 28, "dungeon_4"], [[-128, 10224], 28, "dungeon_4"], [[-128, 10160], 28, "dungeon_4"], [[-112, 10160], 28, "dungeon_4"], [[-96, 10160], 28, "dungeon_4"], [[-96, 10176], 28, "dungeon_4"], [[-112, 10176], 28, "dungeon_4"], [[-128, 10176], 28, "dungeon_4"], [[-128, 10192], 28, "dungeon_4"], [[-112, 10192], 28, "dungeon_4"], [[-96, 10192], 28, "dungeon_4"], [[-112, 10208], 28, "dungeon_4"], [[-128, 10208], 28, "dungeon_4"]], "0;79": [[[16, 10144], 53, "grass_top"], [[0, 10144], 53, "grass_top"], [[32, 10144], 53, "grass_top"], [[48, 10128], 53, "grass_top"], [[48, 10112], 53, "grass_top"], [[48, 10128], 27, "dungeon_3"], [[48, 10112], 27, "dungeon_3"], [[0, 10144], 25, "dungeon_1"], [[16, 10144], 25, "dungeon_1"], [[32, 10144], 25, "dungeon_1"], [[64, 10128], 29, "dungeon_5"], [[64, 10112], 29, "dungeon_5"], [[112, 10144], 25, "dungeon_1"], [[80, 10144], 25, "dungeon_1"], [[96, 10144], 25, "dungeon_1"], [[48, 10144], 35, "dungeon_corner_2"], [[64, 10144], 36, "dungeon_corner_3"], [[112, 10160], 28, "dungeon_4"], [[96, 10160], 28, "dungeon_4"], [[80, 10160], 28, "dungeon_4"], [[64, 10160], 28, "dungeon_4"], [[48, 10160], 28, "dungeon_4"], [[32, 10160], 28, "dungeon_4"], [[16, 10160], 28, "dungeon_4"], [[0, 10160], 28, "dungeon_4"], [[0, 10208], 28, "dungeon_4"], [[16, 10208], 28, "dungeon_4"], [[32, 10208], 28, "dungeon_4"], [[48, 10208], 28, "dungeon_4"], [[64, 10208], 28, "dungeon_4"], [[80, 10208], 28, "dungeon_4"], [[96, 10208], 28, "dungeon_4"], [[112, 10208], 28, "dungeon_4"], [[112, 10224], 28, "dungeon_4"], [[96, 10224], 28, "dungeon_4"], [[80, 10224], 28, "dungeon_4"], [[64, 10224], 28, "dungeon_4"], [[48, 10224], 28, "dungeon_4"], [[32, 10224], 28, "dungeon_4"], [[16, 10224], 28, "dungeon_4"], [[0, 10224], 28, "dungeon_4"], [[0, 10176], 28, "dungeon_4"], [[16, 10176], 28, "dungeon_4"], [[32, 10176], 28, "dungeon_4"], [[48, 10176], 28, "dungeon_4"], [[64, 10176], 28, "dungeon_4"], [[80, 10176], 28, "dungeon_4"], [[96, 10176], 28, "dungeon_4"], [[112, 10176], 28, "dungeon_4"], [[112, 10192], 28, "dungeon_4"], [[96, 10192], 28, "dungeon_4"], [[80, 10192], 28, "dungeon_4"], [[64, 10192], 28, "dungeon_4"], [[48, 10192], 28, "dungeon_4"], [[32, 10192], 28, "dungeon_4"], [[16, 10192], 28, "dungeon_4"], [[0, 10192], 28, "dungeon_4"]], "1;79": [[[240, 10144], 25, "dungeon_1"], [[224, 10144], 25, "dungeon_1"], [[208, 10144], 25, "dungeon_1"], [[192, 10144], 25, "dungeon_1"], [[176, 10144], 25, "dungeon_1"], [[160, 10144], 25, "dungeon_1"], [[144, 10144], 25, "dungeon_1"], [[128, 10144], 25, "dungeon_1"], [[240, 10160], 28, "dungeon_4"], [[224, 10160], 28, "dungeon_4"], [[208, 10160], 28, "dungeon_4"], [[192, 10160], 28, "dungeon_4"], [[176, 10160], 28, "dungeon_4"], [[160, 10160], 28, "dungeon_4"], [[144, 10160], 28, "dungeon_4"], [[128, 10160], 28, "dungeon_4"], [[128, 10208], 28, "dungeon_4"], [[144, 10208], 28, "dungeon_4"], [[160, 10208], 28, "dungeon_4"], [[176, 10208], 28, "dungeon_4"], [[192, 10208], 28, "dungeon_4"], [[208, 10208], 28, "dungeon_4"], [[224, 10208], 28, "dungeon_4"], [[240, 10208], 28, "dungeon_4"], [[240, 10224], 28, "dungeon_4"], [[224, 10224], 28, "dungeon_4"], [[208, 10224], 28, "dungeon_4"], [[192, 10224], 28, "dungeon_4"], [[176, 10224], 28, "dungeon_4"], [[160, 10224], 28, "dungeon_4"], [[144, 10224], 28, "dungeon_4"], [[128, 10224], 28, "dungeon_4"], [[128, 10176], 28, "dungeon_4"], [[144, 10176], 28, "dungeon_4"], [[160, 10176], 28, "dungeon_4"], [[176, 10176], 28, "dungeon_4"], [[192, 10176], 28, "dungeon_4"], [[208, 10176], 28, "dungeon_4"], [[224, 10176], 28, "dungeon_4"], [[240, 10176], 28, "dungeon_4"], [[240, 10192], 28, "dungeon_4"], [[224, 10192], 28, "dungeon_4"], [[208, 10192], 28, "dungeon_4"], [[192, 10192], 28, "dungeon_4"], [[176, 10192], 28, "dungeon_4"], [[160, 10192], 28, "dungeon_4"], [[144, 10192], 28, "dungeon_4"], [[128, 10192], 28, "dungeon_4"]], "-1;78": [[[-112, 10096], 21, "cave_fly_1"], [[-112, 10032], 21, "cave_fly_1"], [[-16, 9984], 21, "cave_fly_1"], [[-16, 10048], 21, "cave_fly_1"]], "0;78": [[[48, 10096], 53, "grass_top"], [[48, 10096], 27, "dungeon_3"], [[64, 10096], 29, "dungeon_5"], [[64, 10080], 29, "dungeon_5"], [[64, 10064], 29, "dungeon_5"], [[64, 10048], 29, "dungeon_5"], [[64, 10032], 29, "dungeon_5"], [[64, 10016], 29, "dungeon_5"], [[64, 10000], 29, "dungeon_5"], [[64, 9984], 29, "dungeon_5"], [[48, 9984], 27, "dungeon_3"], [[48, 10000], 27, "dungeon_3"], [[48, 10016], 27, "dungeon_3"], [[48, 10032], 27, "dungeon_3"], [[48, 10048], 27, "dungeon_3"], [[48, 10064], 27, "dungeon_3"], [[48, 10080], 27, "dungeon_3"]], "-1;77": [[[-112, 9968], 21, "cave_fly_1"], [[-112, 9968], 22, "cave_fly_2"], [[-16, 9920], 20, "cave_fly_0"]], "-2;79": [[[-144, 10144], 53, "grass_top"], [[-144, 10128], 53, "grass_top"], [[-144, 10112], 53, "grass_top"], [[-144, 10128], 29, "dungeon_5"], [[-144, 10112], 29, "dungeon_5"], [[-144, 10144], 36, "dungeon_corner_3"], [[-160, 10112], 28, "dungeon_4"], [[-160, 10128], 28, "dungeon_4"], [[-160, 10144], 28, "dungeon_4"], [[-176, 10144], 28, "dungeon_4"], [[-192, 10144], 28, "dungeon_4"], [[-208, 10144], 28, "dungeon_4"], [[-240, 10144], 28, "dungeon_4"], [[-224, 10144], 28, "dungeon_4"], [[-256, 10144], 28, "dungeon_4"], [[-160, 10160], 28, "dungeon_4"], [[-160, 10176], 28, "dungeon_4"], [[-160, 10192], 28, "dungeon_4"], [[-160, 10208], 28, "dungeon_4"], [[-160, 10224], 28, "dungeon_4"], [[-144, 10224], 28, "dungeon_4"], [[-144, 10208], 28, "dungeon_4"], [[-144, 10176], 28, "dungeon_4"], [[-144, 10160], 28, "dungeon_4"], [[-144, 10192], 28, "dungeon_4"], [[-176, 10208], 28, "dungeon_4"], [[-192, 10208], 28, "dungeon_4"], [[-208, 10224], 28, "dungeon_4"], [[-224, 10224], 28, "dungeon_4"], [[-240, 10224], 28, "dungeon_4"], [[-256, 10224], 28, "dungeon_4"], [[-192, 10224], 28, "dungeon_4"], [[-176, 10224], 28, "dungeon_4"], [[-176, 10176], 28, "dungeon_4"], [[-176, 10160], 28, "dungeon_4"], [[-240, 10160], 28, "dungeon_4"], [[-256, 10160], 28, "dungeon_4"], [[-256, 10192], 28, "dungeon_4"], [[-256, 10176], 28, "dungeon_4"], [[-256, 10208], 28, "dungeon_4"], [[-240, 10208], 28, "dungeon_4"], [[-224, 10208], 28, "dungeon_4"], [[-208, 10208], 28, "dungeon_4"], [[-176, 10192], 28, "dungeon_4"], [[-192, 10192], 28, "dungeon_4"], [[-208, 10192], 28, "dungeon_4"], [[-224, 10192], 28, "dungeon_4"], [[-240, 10192], 28, "dungeon_4"], [[-224, 10160], 28, "dungeon_4"], [[-208, 10160], 28, "dungeon_4"], [[-192, 10160], 28, "dungeon_4"], [[-192, 10176], 28, "dungeon_4"], [[-208, 10176], 28, "dungeon_4"], [[-224, 10176], 28, "dungeon_4"], [[-240, 10176], 28, "dungeon_4"], [[-176, 10128], 28, "dungeon_4"], [[-176, 10112], 28, "dungeon_4"], [[-192, 10112], 28, "dungeon_4"], [[-192, 10128], 28, "dungeon_4"], [[-208, 10128], 28, "dungeon_4"], [[-224, 10128], 28, "dungeon_4"], [[-240, 10128], 28, "dungeon_4"], [[-256, 10128], 28, "dungeon_4"], [[-208, 10112], 28, "dungeon_4"], [[-224, 10112], 28, "dungeon_4"], [[-240, 10112], 28, "dungeon_4"], [[-256, 10112], 28, "dungeon_4"]], "-2;78": [[[-144, 10096], 53, "grass_top"], [[-144, 10080], 53, "grass_top"], [[-144, 10064], 53, "grass_top"], [[-144, 10048], 53, "grass_top"], [[-144, 10032], 53, "grass_top"], [[-144, 10016], 53, "grass_top"], [[-144, 10000], 53, "grass_top"], [[-144, 9984], 53, "grass_top"], [[-144, 10096], 29, "dungeon_5"], [[-144, 10080], 29, "dungeon_5"], [[-144, 10064], 29, "dungeon_5"], [[-144, 10048], 29, "dungeon_5"], [[-144, 10032], 29, "dungeon_5"], [[-144, 10016], 29, "dungeon_5"], [[-144, 10000], 29, "dungeon_5"], [[-144, 9984], 29, "dungeon_5"], [[-160, 9984], 28, "dungeon_4"], [[-160, 10000], 28, "dungeon_4"], [[-160, 10016], 28, "dungeon_4"], [[-160, 10032], 28, "dungeon_4"], [[-160, 10048], 28, "dungeon_4"], [[-160, 10064], 28, "dungeon_4"], [[-160, 10080], 28, "dungeon_4"], [[-160, 10096], 28, "dungeon_4"], [[-176, 10096], 28, "dungeon_4"], [[-176, 10080], 28, "dungeon_4"], [[-176, 10064], 28, "dungeon_4"], [[-176, 10048], 28, "dungeon_4"], [[-176, 10032], 28, "dungeon_4"], [[-176, 10016], 28, "dungeon_4"], [[-176, 10000], 28, "dungeon_4"], [[-176, 9984], 28, "dungeon_4"], [[-192, 9984], 28, "dungeon_4"], [[-192, 10000], 28, "dungeon_4"], [[-192, 10016], 28, "dungeon_4"], [[-192, 10032], 28, "dungeon_4"], [[-192, 10048], 28, "dungeon_4"], [[-192, 10064], 28, "dungeon_4"], [[-192, 10080], 28, "dungeon_4"], [[-192, 10096], 28, "dungeon_4"], [[-256, 10016], 28, "dungeon_4"], [[-256, 10000], 28, "dungeon_4"], [[-256, 9984], 28, "dungeon_4"], [[-208, 10048], 28, "dungeon_4"], [[-208, 10064], 28, "dungeon_4"], [[-208, 10080], 28, "dungeon_4"], [[-208, 10096], 28, "dungeon_4"], [[-256, 10064], 28, "dungeon_4"], [[-256, 10048], 28, "dungeon_4"], [[-256, 10032], 28, "dungeon_4"], [[-256, 10080], 28, "dungeon_4"], [[-256, 10096], 28, "dungeon_4"], [[-240, 10096], 28, "dungeon_4"], [[-224, 10080], 28, "dungeon_4"], [[-224, 10064], 28, "dungeon_4"], [[-224, 10048], 28, "dungeon_4"], [[-224, 10032], 28, "dungeon_4"], [[-224, 10016], 28, "dungeon_4"], [[-224, 10000], 28, "dungeon_4"], [[-224, 9984], 28, "dungeon_4"], [[-240, 9984], 28, "dungeon_4"], [[-240, 10000], 28, "dungeon_4"], [[-240, 10016], 28, "dungeon_4"], [[-240, 10032], 28, "dungeon_4"], [[-240, 10048], 28, "dungeon_4"], [[-240, 10064], 28, "dungeon_4"], [[-240, 10080], 28, "dungeon_4"], [[-224, 10096], 28, "dungeon_4"], [[-208, 10032], 28, "dungeon_4"], [[-208, 10016], 28, "dungeon_4"], [[-208, 10000], 28, "dungeon_4"], [[-208, 9984], 28, "dungeon_4"]], "-2;77": [[[-144, 9968], 53, "grass_top"], [[-144, 9952], 53, "grass_top"], [[-144, 9936], 53, "grass_top"], [[-144, 9920], 53, "grass_top"], [[-144, 9904], 53, "grass_top"], [[-144, 9888], 53, "grass_top"], [[-144, 9872], 53, "grass_top"], [[-144, 9856], 53, "grass_top"], [[-144, 9968], 29, "dungeon_5"], [[-144, 9952], 29, "dungeon_5"], [[-144, 9936], 29, "dungeon_5"], [[-144, 9920], 29, "dungeon_5"], [[-144, 9904], 29, "dungeon_5"], [[-144, 9856], 29, "dungeon_5"], [[-144, 9872], 29, "dungeon_5"], [[-144, 9888], 29, "dungeon_5"], [[-160, 9856], 28, "dungeon_4"], [[-160, 9872], 28, "dungeon_4"], [[-160, 9888], 28, "dungeon_4"], [[-160, 9904], 28, "dungeon_4"], [[-160, 9920], 28, "dungeon_4"], [[-160, 9936], 28, "dungeon_4"], [[-160, 9952], 28, "dungeon_4"], [[-160, 9968], 28, "dungeon_4"], [[-256, 9856], 28, "dungeon_4"], [[-256, 9872], 28, "dungeon_4"], [[-176, 9968], 28, "dungeon_4"], [[-176, 9952], 28, "dungeon_4"], [[-176, 9936], 28, "dungeon_4"], [[-176, 9920], 28, "dungeon_4"], [[-176, 9904], 28, "dungeon_4"], [[-176, 9888], 28, "dungeon_4"], [[-176, 9872], 28, "dungeon_4"], [[-176, 9856], 28, "dungeon_4"], [[-192, 9856], 28, "dungeon_4"], [[-240, 9856], 28, "dungeon_4"], [[-224, 9856], 28, "dungeon_4"], [[-208, 9856], 28, "dungeon_4"], [[-192, 9968], 28, "dungeon_4"], [[-256, 9968], 28, "dungeon_4"], [[-256, 9952], 28, "dungeon_4"], [[-256, 9936], 28, "dungeon_4"], [[-256, 9920], 28, "dungeon_4"], [[-256, 9904], 28, "dungeon_4"], [[-256, 9888], 28, "dungeon_4"], [[-208, 9872], 28, "dungeon_4"], [[-192, 9872], 28, "dungeon_4"], [[-192, 9904], 28, "dungeon_4"], [[-192, 9920], 28, "dungeon_4"], [[-192, 9936], 28, "dungeon_4"], [[-192, 9952], 28, "dungeon_4"], [[-224, 9968], 28, "dungeon_4"], [[-224, 9952], 28, "dungeon_4"], [[-224, 9936], 28, "dungeon_4"], [[-224, 9920], 28, "dungeon_4"], [[-224, 9904], 28, "dungeon_4"], [[-224, 9888], 28, "dungeon_4"], [[-224, 9872], 28, "dungeon_4"], [[-240, 9872], 28, "dungeon_4"], [[-240, 9920], 28, "dungeon_4"], [[-240, 9936], 28, "dungeon_4"], [[-240, 9952], 28, "dungeon_4"], [[-240, 9968], 28, "dungeon_4"], [[-208, 9968], 28, "dungeon_4"], [[-208, 9952], 28, "dungeon_4"], [[-208, 9936], 28, "dungeon_4"], [[-208, 9920], 28, "dungeon_4"], [[-208, 9904], 28, "dungeon_4"], [[-208, 9888], 28, "dungeon_4"], [[-192, 9888], 28, "dungeon_4"], [[-240, 9904], 28, "dungeon_4"], [[-240, 9888], 28, "dungeon_4"]], "0;77": [[[0, 9920], 53, "grass_top"], [[0, 9920], 30, "dungeon_6"], [[0, 9904], 24, "dungeon_0"], [[48, 9904], 25, "dungeon_1"], [[32, 9904], 25, "dungeon_1"], [[16, 9904], 25, "dungeon_1"], [[64, 9904], 26, "dungeon_2"], [[64, 9968], 29, "dungeon_5"], [[64, 9952], 29, "dungeon_5"], [[64, 9936], 29, "dungeon_5"], [[64, 9920], 29, "dungeon_5"], [[48, 9936], 27, "dungeon_3"], [[48, 9952], 27, "dungeon_3"], [[48, 9968], 27, "dungeon_3"], [[16, 9920], 31, "dungeon_7"], [[32, 9920], 31, "dungeon_7"], [[48, 9920], 34, "dungeon_corner_1"]], "-2;76": [[[-144, 9840], 33, "dungeon_corner_0"], [[-160, 9824], 28, "dungeon_4"], [[-160, 9840], 28, "dungeon_4"], [[-144, 9744], 28, "dungeon_4"], [[-160, 9744], 28, "dungeon_4"], [[-176, 9744], 28, "dungeon_4"], [[-192, 9744], 28, "dungeon_4"], [[-208, 9744], 28, "dungeon_4"], [[-176, 9840], 28, "dungeon_4"], [[-192, 9840], 28, "dungeon_4"], [[-208, 9840], 28, "dungeon_4"], [[-224, 9840], 28, "dungeon_4"], [[-256, 9840], 28, "dungeon_4"], [[-240, 9840], 28, "dungeon_4"], [[-256, 9744], 28, "dungeon_4"], [[-256, 9760], 28, "dungeon_4"], [[-256, 9776], 28, "dungeon_4"], [[-256, 9792], 28, "dungeon_4"], [[-256, 9808], 28, "dungeon_4"], [[-256, 9824], 28, "dungeon_4"], [[-240, 9744], 28, "dungeon_4"], [[-224, 9744], 28, "dungeon_4"], [[-240, 9824], 28, "dungeon_4"], [[-224, 9824], 28, "dungeon_4"], [[-208, 9824], 28, "dungeon_4"], [[-192, 9824], 28, "dungeon_4"], [[-176, 9824], 28, "dungeon_4"], [[-144, 9824], 28, "dungeon_4"], [[-144, 9760], 28, "dungeon_4"], [[-160, 9760], 28, "dungeon_4"], [[-176, 9760], 28, "dungeon_4"], [[-192, 9760], 28, "dungeon_4"], [[-208, 9760], 28, "dungeon_4"], [[-224, 9760], 28, "dungeon_4"], [[-240, 9776], 28, "dungeon_4"], [[-240, 9808], 28, "dungeon_4"], [[-224, 9808], 28, "dungeon_4"], [[-208, 9808], 28, "dungeon_4"], [[-192, 9808], 28, "dungeon_4"], [[-176, 9808], 28, "dungeon_4"], [[-144, 9808], 28, "dungeon_4"], [[-144, 9792], 28, "dungeon_4"], [[-160, 9792], 28, "dungeon_4"], [[-176, 9792], 28, "dungeon_4"], [[-192, 9792], 28, "dungeon_4"], [[-208, 9792], 28, "dungeon_4"], [[-224, 9792], 28, "dungeon_4"], [[-240, 9792], 28, "dungeon_4"], [[-240, 9760], 28, "dungeon_4"], [[-224, 9776], 28, "dungeon_4"], [[-208, 9776], 28, "dungeon_4"], [[-192, 9776], 28, "dungeon_4"], [[-176, 9776], 28, "dungeon_4"], [[-160, 9776], 28, "dungeon_4"], [[-144, 9776], 28, "dungeon_4"], [[-160, 9808], 28, "dungeon_4"]], "-1;76": [[[-128, 9840], 53, "grass_top"], [[-112, 9840], 53, "grass_top"], [[-96, 9840], 53, "grass_top"], [[-80, 9840], 53, "grass_top"], [[-64, 9840], 53, "grass_top"], [[-48, 9840], 53, "grass_top"], [[-32, 9840], 53, "grass_top"], [[-16, 9840], 53, "grass_top"], [[-128, 9840], 31, "dungeon_7"], [[-112, 9840], 31, "dungeon_7"], [[-96, 9840], 31, "dungeon_7"], [[-80, 9840], 31, "dungeon_7"], [[-64, 9840], 31, "dungeon_7"], [[-48, 9840], 31, "dungeon_7"], [[-32, 9840], 31, "dungeon_7"], [[-16, 9840], 31, "dungeon_7"], [[-16, 9744], 28, "dungeon_4"], [[-32, 9744], 28, "dungeon_4"], [[-48, 9744], 28, "dungeon_4"], [[-64, 9744], 28, "dungeon_4"], [[-80, 9744], 28, "dungeon_4"], [[-96, 9744], 28, "dungeon_4"], [[-112, 9744], 28, "dungeon_4"], [[-128, 9744], 28, "dungeon_4"], [[-128, 9824], 28, "dungeon_4"], [[-112, 9824], 28, "dungeon_4"], [[-96, 9824], 28, "dungeon_4"], [[-80, 9824], 28, "dungeon_4"], [[-64, 9824], 28, "dungeon_4"], [[-48, 9824], 28, "dungeon_4"], [[-32, 9824], 28, "dungeon_4"], [[-16, 9824], 28, "dungeon_4"], [[-16, 9808], 28, "dungeon_4"], [[-16, 9792], 28, "dungeon_4"], [[-16, 9776], 28, "dungeon_4"], [[-32, 9776], 28, "dungeon_4"], [[-32, 9760], 28, "dungeon_4"], [[-48, 9760], 28, "dungeon_4"], [[-64, 9760], 28, "dungeon_4"], [[-80, 9760], 28, "dungeon_4"], [[-96, 9760], 28, "dungeon_4"], [[-128, 9760], 28, "dungeon_4"], [[-128, 9808], 28, "dungeon_4"], [[-112, 9808], 28, "dungeon_4"], [[-96, 9808], 28, "dungeon_4"], [[-80, 9808], 28, "dungeon_4"], [[-64, 9808], 28, "dungeon_4"], [[-48, 9808], 28, "dungeon_4"], [[-32, 9808], 28, "dungeon_4"], [[-32, 9792], 28, "dungeon_4"], [[-48, 9792], 28, "dungeon_4"], [[-64, 9792], 28, "dungeon_4"], [[-80, 9792], 28, "dungeon_4"], [[-96, 9792], 28, "dungeon_4"], [[-112, 9792], 28, "dungeon_4"], [[-128, 9792], 28, "dungeon_4"], [[-128, 9776], 28, "dungeon_4"], [[-112, 9776], 28, "dungeon_4"], [[-96, 9776], 28, "dungeon_4"], [[-80, 9776], 28, "dungeon_4"], [[-64, 9776], 28, "dungeon_4"], [[-48, 9776], 28, "dungeon_4"], [[-112, 9760], 28, "dungeon_4"], [[-16, 9760], 28, "dungeon_4"]], "0;76": [[[0, 9840], 53, "grass_top"], [[16, 9840], 53, "grass_top"], [[32, 9840], 53, "grass_top"], [[48, 9840], 53, "grass_top"], [[64, 9840], 53, "grass_top"], [[80, 9840], 53, "grass_top"], [[96, 9840], 53, "grass_top"], [[112, 9840], 53, "grass_top"], [[0, 9840], 31, "dungeon_7"], [[16, 9840], 31, "dungeon_7"], [[32, 9840], 31, "dungeon_7"], [[48, 9840], 31, "dungeon_7"], [[64, 9840], 31, "dungeon_7"], [[80, 9840], 31, "dungeon_7"], [[96, 9840], 31, "dungeon_7"], [[112, 9840], 31, "dungeon_7"], [[112, 9744], 28, "dungeon_4"], [[96, 9744], 28, "dungeon_4"], [[80, 9744], 28, "dungeon_4"], [[64, 9744], 28, "dungeon_4"], [[48, 9744], 28, "dungeon_4"], [[32, 9744], 28, "dungeon_4"], [[16, 9744], 28, "dungeon_4"], [[0, 9744], 28, "dungeon_4"], [[0, 9824], 28, "dungeon_4"], [[16, 9824], 28, "dungeon_4"], [[32, 9824], 28, "dungeon_4"], [[48, 9824], 28, "dungeon_4"], [[64, 9824], 28, "dungeon_4"], [[80, 9824], 28, "dungeon_4"], [[96, 9824], 28, "dungeon_4"], [[112, 9824], 28, "dungeon_4"], [[112, 9760], 28, "dungeon_4"], [[96, 9760], 28, "dungeon_4"], [[0, 9760], 28, "dungeon_4"], [[16, 9760], 28, "dungeon_4"], [[32, 9760], 28, "dungeon_4"], [[48, 9760], 28, "dungeon_4"], [[64, 9760], 28, "dungeon_4"], [[48, 9776], 28, "dungeon_4"], [[0, 9776], 28, "dungeon_4"], [[0, 9792], 28, "dungeon_4"], [[0, 9808], 28, "dungeon_4"], [[16, 9808], 28, "dungeon_4"], [[32, 9808], 28, "dungeon_4"], [[64, 9792], 28, "dungeon_4"], [[64, 9776], 28, "dungeon_4"], [[32, 9776], 28, "dungeon_4"], [[16, 9776], 28, "dungeon_4"], [[16, 9792], 28, "dungeon_4"], [[32, 9792], 28, "dungeon_4"], [[48, 9792], 28, "dungeon_4"], [[80, 9792], 28, "dungeon_4"], [[80, 9808], 28, "dungeon_4"], [[64, 9808], 28, "dungeon_4"], [[48, 9808], 28, "dungeon_4"], [[96, 9808], 28, "dungeon_4"], [[112, 9792], 28, "dungeon_4"], [[80, 9760], 28, "dungeon_4"], [[80, 9776], 28, "dungeon_4"], [[96, 9792], 28, "dungeon_4"], [[112, 9808], 28, "dungeon_4"], [[112, 9776], 28, "dungeon_4"], [[96, 9776], 28, "dungeon_4"]], "1;76": [[[128, 9840], 53, "grass_top"], [[144, 9840], 53, "grass_top"], [[160, 9840], 53, "grass_top"], [[128, 9840], 31, "dungeon_7"], [[144, 9840], 31, "dungeon_7"], [[160, 9840], 31, "dungeon_7"], [[176, 9840], 34, "dungeon_corner_1"], [[192, 9840], 33, "dungeon_corner_0"], [[208, 9840], 31, "dungeon_7"], [[224, 9840], 31, "dungeon_7"], [[240, 9840], 31, "dungeon_7"], [[240, 9744], 28, "dungeon_4"], [[224, 9744], 28, "dungeon_4"], [[208, 9744], 28, "dungeon_4"], [[192, 9744], 28, "dungeon_4"], [[176, 9744], 28, "dungeon_4"], [[160, 9744], 28, "dungeon_4"], [[144, 9744], 28, "dungeon_4"], [[128, 9744], 28, "dungeon_4"], [[128, 9824], 28, "dungeon_4"], [[144, 9824], 28, "dungeon_4"], [[160, 9824], 28, "dungeon_4"], [[176, 9824], 28, "dungeon_4"], [[160, 9808], 28, "dungeon_4"], [[144, 9792], 28, "dungeon_4"], [[144, 9776], 28, "dungeon_4"], [[128, 9808], 28, "dungeon_4"], [[144, 9808], 28, "dungeon_4"], [[176, 9808], 28, "dungeon_4"], [[160, 9792], 28, "dungeon_4"], [[128, 9792], 28, "dungeon_4"], [[128, 9776], 28, "dungeon_4"], [[128, 9760], 28, "dungeon_4"], [[144, 9760], 28, "dungeon_4"], [[160, 9760], 28, "dungeon_4"], [[176, 9760], 28, "dungeon_4"], [[176, 9776], 28, "dungeon_4"], [[192, 9776], 28, "dungeon_4"], [[208, 9792], 28, "dungeon_4"], [[224, 9792], 28, "dungeon_4"], [[160, 9776], 28, "dungeon_4"], [[176, 9792], 28, "dungeon_4"], [[192, 9792], 28, "dungeon_4"], [[208, 9808], 28, "dungeon_4"], [[192, 9808], 28, "dungeon_4"], [[192, 9824], 28, "dungeon_4"], [[208, 9824], 28, "dungeon_4"], [[224, 9824], 28, "dungeon_4"], [[240, 9824], 28, "dungeon_4"], [[240, 9760], 28, "dungeon_4"], [[224, 9760], 28, "dungeon_4"], [[208, 9760], 28, "dungeon_4"], [[192, 9760], 28, "dungeon_4"], [[240, 9776], 28, "dungeon_4"], [[224, 9776], 28, "dungeon_4"], [[208, 9776], 28, "dungeon_4"], [[240, 9792], 28, "dungeon_4"], [[224, 9808], 28, "dungeon_4"], [[240, 9808], 28, "dungeon_4"]], "1;77": [[[192, 9856], 53, "grass_top"], [[192, 9872], 53, "grass_top"], [[192, 9888], 53, "grass_top"], [[176, 9952], 27, "dungeon_3"], [[176, 9936], 27, "dungeon_3"], [[176, 9920], 27, "dungeon_3"], [[176, 9904], 27, "dungeon_3"], [[176, 9888], 27, "dungeon_3"], [[176, 9872], 27, "dungeon_3"], [[176, 9856], 27, "dungeon_3"], [[176, 9968], 30, "dungeon_6"], [[192, 9856], 29, "dungeon_5"], [[192, 9872], 29, "dungeon_5"], [[192, 9888], 29, "dungeon_5"], [[240, 9904], 25, "dungeon_1"], [[224, 9904], 25, "dungeon_1"], [[208, 9904], 25, "dungeon_1"], [[192, 9968], 31, "dungeon_7"], [[208, 9968], 31, "dungeon_7"], [[224, 9968], 31, "dungeon_7"], [[240, 9968], 31, "dungeon_7"], [[192, 9904], 36, "dungeon_corner_3"], [[192, 9920], 28, "dungeon_4"], [[192, 9936], 28, "dungeon_4"], [[192, 9952], 28, "dungeon_4"], [[208, 9952], 28, "dungeon_4"], [[224, 9952], 28, "dungeon_4"], [[240, 9952], 28, "dungeon_4"], [[240, 9936], 28, "dungeon_4"], [[240, 9920], 28, "dungeon_4"], [[224, 9920], 28, "dungeon_4"], [[208, 9920], 28, "dungeon_4"], [[208, 9936], 28, "dungeon_4"], [[224, 9936], 28, "dungeon_4"]], "1;78": [[[176, 10016], 27, "dungeon_3"], [[176, 10032], 27, "dungeon_3"], [[176, 10048], 27, "dungeon_3"], [[176, 10064], 27, "dungeon_3"], [[176, 10000], 24, "dungeon_0"], [[208, 10000], 26, "dungeon_2"], [[224, 10016], 26, "dungeon_2"], [[240, 10032], 26, "dungeon_2"], [[192, 10000], 25, "dungeon_1"], [[176, 10080], 30, "dungeon_6"], [[240, 10080], 31, "dungeon_7"], [[224, 10080], 31, "dungeon_7"], [[208, 10080], 31, "dungeon_7"], [[192, 10080], 31, "dungeon_7"], [[208, 10016], 36, "dungeon_corner_3"], [[224, 10032], 36, "dungeon_corner_3"], [[240, 10048], 36, "dungeon_corner_3"], [[192, 10016], 28, "dungeon_4"], [[192, 10032], 28, "dungeon_4"], [[192, 10048], 28, "dungeon_4"], [[208, 10048], 28, "dungeon_4"], [[224, 10064], 28, "dungeon_4"], [[240, 10064], 28, "dungeon_4"], [[224, 10048], 28, "dungeon_4"], [[224, 10032], 28, "dungeon_4"], [[208, 10032], 28, "dungeon_4"], [[208, 10064], 28, "dungeon_4"], [[192, 10064], 28, "dungeon_4"]], "2;79": [[[304, 10144], 25, "dungeon_1"], [[288, 10144], 25, "dungeon_1"], [[272, 10144], 25, "dungeon_1"], [[256, 10144], 25, "dungeon_1"], [[320, 10144], 25, "dungeon_1"], [[336, 10144], 26, "dungeon_2"], [[336, 10224], 29, "dungeon_5"], [[336, 10208], 29, "dungeon_5"], [[336, 10192], 29, "dungeon_5"], [[336, 10176], 29, "dungeon_5"], [[336, 10160], 29, "dungeon_5"], [[320, 10160], 28, "dungeon_4"], [[320, 10176], 28, "dungeon_4"], [[320, 10192], 28, "dungeon_4"], [[320, 10208], 28, "dungeon_4"], [[320, 10224], 28, "dungeon_4"], [[304, 10224], 28, "dungeon_4"], [[304, 10208], 28, "dungeon_4"], [[304, 10192], 28, "dungeon_4"], [[304, 10176], 28, "dungeon_4"], [[304, 10160], 28, "dungeon_4"], [[288, 10160], 28, "dungeon_4"], [[272, 10160], 28, "dungeon_4"], [[256, 10160], 28, "dungeon_4"], [[256, 10208], 28, "dungeon_4"], [[272, 10208], 28, "dungeon_4"], [[288, 10208], 28, "dungeon_4"], [[288, 10224], 28, "dungeon_4"], [[272, 10224], 28, "dungeon_4"], [[256, 10224], 28, "dungeon_4"], [[256, 10176], 28, "dungeon_4"], [[272, 10176], 28, "dungeon_4"], [[288, 10176], 28, "dungeon_4"], [[288, 10192], 28, "dungeon_4"], [[272, 10192], 28, "dungeon_4"], [[256, 10192], 28, "dungeon_4"]], "2;78": [[[256, 10048], 26, "dungeon_2"], [[272, 10064], 25, "dungeon_1"], [[368, 10064], 25, "dungeon_1"], [[352, 10064], 25, "dungeon_1"], [[336, 10064], 25, "dungeon_1"], [[320, 10064], 25, "dungeon_1"], [[304, 10064], 25, "dungeon_1"], [[288, 10064], 25, "dungeon_1"], [[368, 10080], 31, "dungeon_7"], [[336, 10080], 31, "dungeon_7"], [[320, 10080], 31, "dungeon_7"], [[304, 10080], 31, "dungeon_7"], [[288, 10080], 31, "dungeon_7"], [[272, 10080], 31, "dungeon_7"], [[256, 10080], 31, "dungeon_7"], [[352, 10080], 31, "dungeon_7"], [[256, 10064], 36, "dungeon_corner_3"], [[256, 10064], 28, "dungeon_4"]], "2;77": [[[256, 9904], 26, "dungeon_2"], [[256, 9968], 32, "dungeon_8"], [[256, 9920], 29, "dungeon_5"], [[256, 9936], 29, "dungeon_5"], [[256, 9952], 29, "dungeon_5"]], "2;80": [[[336, 10352], 29, "dungeon_5"], [[336, 10336], 29, "dungeon_5"], [[336, 10320], 29, "dungeon_5"], [[336, 10304], 29, "dungeon_5"], [[336, 10288], 29, "dungeon_5"], [[336, 10272], 29, "dungeon_5"], [[336, 10256], 29, "dungeon_5"], [[336, 10240], 29, "dungeon_5"], [[320, 10240], 28, "dungeon_4"], [[320, 10256], 28, "dungeon_4"], [[304, 10256], 28, "dungeon_4"], [[288, 10256], 28, "dungeon_4"], [[272, 10256], 28, "dungeon_4"], [[256, 10256], 28, "dungeon_4"], [[256, 10240], 28, "dungeon_4"], [[304, 10240], 28, "dungeon_4"], [[272, 10240], 28, "dungeon_4"], [[288, 10240], 28, "dungeon_4"], [[320, 10352], 28, "dungeon_4"], [[320, 10336], 28, "dungeon_4"], [[320, 10320], 28, "dungeon_4"], [[320, 10304], 28, "dungeon_4"], [[320, 10288], 28, "dungeon_4"], [[320, 10272], 28, "dungeon_4"], [[304, 10272], 28, "dungeon_4"], [[288, 10272], 28, "dungeon_4"], [[272, 10272], 28, "dungeon_4"], [[256, 10272], 28, "dungeon_4"], [[304, 10352], 28, "dungeon_4"], [[304, 10336], 28, "dungeon_4"], [[304, 10320], 28, "dungeon_4"], [[304, 10304], 28, "dungeon_4"], [[288, 10304], 28, "dungeon_4"], [[272, 10288], 28, "dungeon_4"], [[256, 10288], 28, "dungeon_4"], [[288, 10352], 28, "dungeon_4"], [[304, 10288], 28, "dungeon_4"], [[288, 10288], 28, "dungeon_4"], [[272, 10352], 28, "dungeon_4"], [[272, 10336], 28, "dungeon_4"], [[256, 10320], 28, "dungeon_4"], [[256, 10304], 28, "dungeon_4"], [[272, 10304], 28, "dungeon_4"], [[288, 10320], 28, "dungeon_4"], [[288, 10336], 28, "dungeon_4"], [[272, 10320], 28, "dungeon_4"], [[256, 10352], 28, "dungeon_4"], [[256, 10336], 28, "dungeon_4"]], "3;78": [[[384, 10064], 25, "dungeon_1"], [[384, 10080], 31, "dungeon_7"], [[400, 10048], 27, "dungeon_3"], [[400, 10032], 27, "dungeon_3"], [[400, 10016], 27, "dungeon_3"], [[400, 10000], 27, "dungeon_3"], [[400, 9984], 27, "dungeon_3"], [[400, 10096], 27, "dungeon_3"], [[400, 10064], 35, "dungeon_corner_2"], [[400, 10080], 34, "dungeon_corner_1"], [[416, 10064], 29, "dungeon_5"], [[416, 10048], 29, "dungeon_5"], [[416, 10032], 29, "dungeon_5"], [[416, 10016], 29, "dungeon_5"], [[416, 10000], 29, "dungeon_5"], [[416, 9984], 29, "dungeon_5"], [[432, 10080], 26, "dungeon_2"], [[448, 10096], 26, "dungeon_2"], [[416, 10080], 36, "dungeon_corner_3"], [[432, 10096], 36, "dungeon_corner_3"], [[416, 10096], 28, "dungeon_4"]], "3;79": [[[400, 10224], 27, "dungeon_3"], [[400, 10208], 27, "dungeon_3"], [[400, 10192], 27, "dungeon_3"], [[400, 10176], 27, "dungeon_3"], [[400, 10160], 27, "dungeon_3"], [[400, 10144], 27, "dungeon_3"], [[400, 10128], 27, "dungeon_3"], [[400, 10112], 27, "dungeon_3"], [[416, 10160], 29, "dungeon_5"], [[416, 10176], 29, "dungeon_5"], [[416, 10192], 29, "dungeon_5"], [[416, 10208], 29, "dungeon_5"], [[416, 10224], 29, "dungeon_5"], [[464, 10112], 26, "dungeon_2"], [[480, 10128], 25, "dungeon_1"], [[496, 10128], 25, "dungeon_1"], [[432, 10144], 31, "dungeon_7"], [[448, 10144], 31, "dungeon_7"], [[464, 10144], 31, "dungeon_7"], [[480, 10144], 31, "dungeon_7"], [[496, 10144], 31, "dungeon_7"], [[448, 10112], 36, "dungeon_corner_3"], [[464, 10128], 36, "dungeon_corner_3"], [[416, 10144], 33, "dungeon_corner_0"], [[416, 10112], 28, "dungeon_4"], [[416, 10128], 28, "dungeon_4"], [[432, 10128], 28, "dungeon_4"], [[432, 10112], 28, "dungeon_4"], [[448, 10128], 28, "dungeon_4"], [[464, 10128], 28, "dungeon_4"]], "3;80": [[[400, 10336], 27, "dungeon_3"], [[400, 10320], 27, "dungeon_3"], [[400, 10304], 27, "dungeon_3"], [[400, 10288], 27, "dungeon_3"], [[400, 10272], 27, "dungeon_3"], [[400, 10256], 27, "dungeon_3"], [[400, 10240], 27, "dungeon_3"], [[416, 10240], 29, "dungeon_5"], [[416, 10256], 29, "dungeon_5"], [[416, 10272], 29, "dungeon_5"], [[416, 10288], 29, "dungeon_5"], [[416, 10304], 29, "dungeon_5"], [[416, 10320], 29, "dungeon_5"], [[416, 10336], 29, "dungeon_5"], [[400, 10352], 30, "dungeon_6"], [[416, 10352], 32, "dungeon_8"]], "2;76": [[[256, 9840], 31, "dungeon_7"], [[272, 9840], 31, "dungeon_7"], [[288, 9840], 31, "dungeon_7"], [[304, 9840], 31, "dungeon_7"], [[320, 9840], 31, "dungeon_7"], [[336, 9840], 31, "dungeon_7"], [[352, 9840], 31, "dungeon_7"], [[368, 9840], 31, "dungeon_7"], [[368, 9744], 28, "dungeon_4"], [[352, 9744], 28, "dungeon_4"], [[336, 9744], 28, "dungeon_4"], [[320, 9744], 28, "dungeon_4"], [[304, 9744], 28, "dungeon_4"], [[288, 9744], 28, "dungeon_4"], [[272, 9744], 28, "dungeon_4"], [[256, 9744], 28, "dungeon_4"], [[256, 9824], 28, "dungeon_4"], [[272, 9824], 28, "dungeon_4"], [[288, 9824], 28, "dungeon_4"], [[304, 9824], 28, "dungeon_4"], [[320, 9824], 28, "dungeon_4"], [[336, 9824], 28, "dungeon_4"], [[352, 9824], 28, "dungeon_4"], [[368, 9824], 28, "dungeon_4"], [[368, 9760], 28, "dungeon_4"], [[352, 9760], 28, "dungeon_4"], [[336, 9760], 28, "dungeon_4"], [[320, 9760], 28, "dungeon_4"], [[304, 9760], 28, "dungeon_4"], [[288, 9760], 28, "dungeon_4"], [[272, 9760], 28, "dungeon_4"], [[256, 9760], 28, "dungeon_4"], [[256, 9808], 28, "dungeon_4"], [[272, 9808], 28, "dungeon_4"], [[304, 9808], 28, "dungeon_4"], [[320, 9808], 28, "dungeon_4"], [[352, 9808], 28, "dungeon_4"], [[368, 9808], 28, "dungeon_4"], [[336, 9808], 28, "dungeon_4"], [[288, 9808], 28, "dungeon_4"], [[272, 9792], 28, "dungeon_4"], [[256, 9792], 28, "dungeon_4"], [[272, 9776], 28, "dungeon_4"], [[256, 9776], 28, "dungeon_4"], [[288, 9776], 28, "dungeon_4"], [[320, 9776], 28, "dungeon_4"], [[336, 9776], 28, "dungeon_4"], [[368, 9776], 28, "dungeon_4"], [[368, 9792], 28, "dungeon_4"], [[352, 9792], 28, "dungeon_4"], [[336, 9792], 28, "dungeon_4"], [[320, 9792], 28, "dungeon_4"], [[304, 9792], 28, "dungeon_4"], [[288, 9792], 28, "dungeon_4"], [[304, 9776], 28, "dungeon_4"], [[352, 9776], 28, "dungeon_4"]], "3;76": [[[384, 9840], 31, "dungeon_7"], [[400, 9840], 31, "dungeon_7"], [[416, 9840], 31, "dungeon_7"], [[432, 9840], 31, "dungeon_7"], [[448, 9840], 31, "dungeon_7"], [[464, 9840], 31, "dungeon_7"], [[480, 9840], 31, "dungeon_7"], [[496, 9840], 31, "dungeon_7"], [[496, 9744], 28, "dungeon_4"], [[480, 9744], 28, "dungeon_4"], [[464, 9744], 28, "dungeon_4"], [[448, 9744], 28, "dungeon_4"], [[432, 9744], 28, "dungeon_4"], [[416, 9744], 28, "dungeon_4"], [[400, 9744], 28, "dungeon_4"], [[384, 9744], 28, "dungeon_4"], [[384, 9824], 28, "dungeon_4"], [[400, 9824], 28, "dungeon_4"], [[416, 9824], 28, "dungeon_4"], [[432, 9824], 28, "dungeon_4"], [[448, 9824], 28, "dungeon_4"], [[464, 9824], 28, "dungeon_4"], [[480, 9824], 28, "dungeon_4"], [[496, 9824], 28, "dungeon_4"], [[496, 9760], 28, "dungeon_4"], [[480, 9760], 28, "dungeon_4"], [[464, 9760], 28, "dungeon_4"], [[448, 9760], 28, "dungeon_4"], [[432, 9760], 28, "dungeon_4"], [[416, 9760], 28, "dungeon_4"], [[400, 9760], 28, "dungeon_4"], [[384, 9760], 28, "dungeon_4"], [[384, 9808], 28, "dungeon_4"], [[400, 9808], 28, "dungeon_4"], [[416, 9808], 28, "dungeon_4"], [[432, 9808], 28, "dungeon_4"], [[448, 9808], 28, "dungeon_4"], [[464, 9808], 28, "dungeon_4"], [[480, 9808], 28, "dungeon_4"], [[496, 9808], 28, "dungeon_4"], [[384, 9776], 28, "dungeon_4"], [[416, 9776], 28, "dungeon_4"], [[432, 9776], 28, "dungeon_4"], [[448, 9776], 28, "dungeon_4"], [[464, 9776], 28, "dungeon_4"], [[480, 9776], 28, "dungeon_4"], [[496, 9776], 28, "dungeon_4"], [[496, 9792], 28, "dungeon_4"], [[480, 9792], 28, "dungeon_4"], [[464, 9792], 28, "dungeon_4"], [[448, 9792], 28, "dungeon_4"], [[432, 9792], 28, "dungeon_4"], [[416, 9792], 28, "dungeon_4"], [[400, 9792], 28, "dungeon_4"], [[384, 9792], 28, "dungeon_4"], [[400, 9776], 28, "dungeon_4"]], "3;77": [[[416, 9968], 26, "dungeon_2"], [[400, 9968], 24, "dungeon_0"], [[480, 9920], 30, "dungeon_6"], [[496, 9904], 26, "dungeon_2"], [[480, 9904], 24, "dungeon_0"], [[496, 9920], 32, "dungeon_8"]], "4;78": [[[528, 10032], 21, "cave_fly_1"]], "2;81": [[[336, 10400], 29, "dungeon_5"], [[336, 10384], 29, "dungeon_5"], [[336, 10368], 29, "dungeon_5"], [[368, 10416], 25, "dungeon_1"], [[336, 10416], 36, "dungeon_corner_3"], [[352, 10416], 25, "dungeon_1"], [[368, 10432], 28, "dungeon_4"], [[352, 10432], 28, "dungeon_4"], [[336, 10432], 28, "dungeon_4"], [[320, 10432], 28, "dungeon_4"], [[304, 10432], 28, "dungeon_4"], [[288, 10432], 28, "dungeon_4"], [[272, 10432], 28, "dungeon_4"], [[256, 10432], 28, "dungeon_4"], [[336, 10448], 28, "dungeon_4"], [[336, 10464], 28, "dungeon_4"], [[336, 10480], 28, "dungeon_4"], [[368, 10464], 28, "dungeon_4"], [[352, 10464], 28, "dungeon_4"], [[320, 10464], 28, "dungeon_4"], [[304, 10464], 28, "dungeon_4"], [[288, 10464], 28, "dungeon_4"], [[272, 10464], 28, "dungeon_4"], [[256, 10464], 28, "dungeon_4"], [[368, 10480], 28, "dungeon_4"], [[352, 10480], 28, "dungeon_4"], [[320, 10480], 28, "dungeon_4"], [[304, 10480], 28, "dungeon_4"], [[288, 10480], 28, "dungeon_4"], [[272, 10480], 28, "dungeon_4"], [[256, 10480], 28, "dungeon_4"], [[272, 10448], 28, "dungeon_4"], [[288, 10448], 28, "dungeon_4"], [[368, 10448], 28, "dungeon_4"], [[352, 10448], 28, "dungeon_4"], [[320, 10448], 28, "dungeon_4"], [[304, 10448], 28, "dungeon_4"], [[256, 10448], 28, "dungeon_4"], [[320, 10416], 28, "dungeon_4"], [[320, 10400], 28, "dungeon_4"], [[320, 10384], 28, "dungeon_4"], [[320, 10368], 28, "dungeon_4"], [[256, 10416], 28, "dungeon_4"], [[272, 10416], 28, "dungeon_4"], [[288, 10416], 28, "dungeon_4"], [[304, 10416], 28, "dungeon_4"], [[304, 10400], 28, "dungeon_4"], [[304, 10384], 28, "dungeon_4"], [[304, 10368], 28, "dungeon_4"], [[272, 10400], 28, "dungeon_4"], [[288, 10384], 28, "dungeon_4"], [[288, 10368], 28, "dungeon_4"], [[256, 10400], 28, "dungeon_4"], [[288, 10400], 28, "dungeon_4"], [[272, 10384], 28, "dungeon_4"], [[256, 10384], 28, "dungeon_4"], [[256, 10368], 28, "dungeon_4"], [[272, 10368], 28, "dungeon_4"]], "3;81": [[[384, 10416], 25, "dungeon_1"], [[400, 10416], 25, "dungeon_1"], [[416, 10416], 25, "dungeon_1"], [[432, 10416], 25, "dungeon_1"], [[496, 10416], 24, "dungeon_0"], [[448, 10416], 26, "dungeon_2"], [[432, 10432], 28, "dungeon_4"], [[416, 10432], 28, "dungeon_4"], [[400, 10432], 28, "dungeon_4"], [[384, 10432], 28, "dungeon_4"], [[496, 10480], 28, "dungeon_4"], [[480, 10480], 28, "dungeon_4"], [[464, 10480], 28, "dungeon_4"], [[448, 10480], 28, "dungeon_4"], [[432, 10480], 28, "dungeon_4"], [[432, 10464], 28, "dungeon_4"], [[448, 10464], 28, "dungeon_4"], [[448, 10448], 28, "dungeon_4"], [[464, 10448], 28, "dungeon_4"], [[480, 10448], 28, "dungeon_4"], [[496, 10448], 28, "dungeon_4"], [[496, 10464], 28, "dungeon_4"], [[480, 10464], 28, "dungeon_4"], [[464, 10464], 28, "dungeon_4"], [[416, 10464], 28, "dungeon_4"], [[400, 10464], 28, "dungeon_4"], [[384, 10464], 28, "dungeon_4"], [[416, 10480], 28, "dungeon_4"], [[384, 10480], 28, "dungeon_4"], [[432, 10448], 28, "dungeon_4"], [[416, 10448], 28, "dungeon_4"], [[400, 10448], 28, "dungeon_4"], [[384, 10448], 28, "dungeon_4"], [[400, 10480], 28, "dungeon_4"], [[464, 10432], 25, "dungeon_1"], [[480, 10432], 25, "dungeon_1"], [[448, 10432], 36, "dungeon_corner_3"], [[496, 10432], 35, "dungeon_corner_2"]], "4;81": [[[512, 10416], 25, "dungeon_1"], [[544, 10432], 25, "dungeon_1"], [[624, 10432], 25, "dungeon_1"], [[528, 10432], 36, "dungeon_corner_3"], [[624, 10432], 28, "dungeon_4"], [[544, 10432], 28, "dungeon_4"], [[528, 10432], 28, "dungeon_4"], [[512, 10432], 28, "dungeon_4"], [[512, 10480], 28, "dungeon_4"], [[528, 10480], 28, "dungeon_4"], [[544, 10480], 28, "dungeon_4"], [[560, 10480], 28, "dungeon_4"], [[576, 10480], 28, "dungeon_4"], [[592, 10480], 28, "dungeon_4"], [[624, 10480], 28, "dungeon_4"], [[608, 10480], 28, "dungeon_4"], [[512, 10448], 28, "dungeon_4"], [[528, 10448], 28, "dungeon_4"], [[544, 10448], 28, "dungeon_4"], [[560, 10448], 28, "dungeon_4"], [[576, 10448], 28, "dungeon_4"], [[592, 10448], 28, "dungeon_4"], [[608, 10448], 28, "dungeon_4"], [[624, 10448], 28, "dungeon_4"], [[624, 10464], 28, "dungeon_4"], [[608, 10464], 28, "dungeon_4"], [[592, 10464], 28, "dungeon_4"], [[576, 10464], 28, "dungeon_4"], [[560, 10464], 28, "dungeon_4"], [[544, 10464], 28, "dungeon_4"], [[528, 10464], 28, "dungeon_4"], [[512, 10464], 28, "dungeon_4"], [[608, 10416], 24, "dungeon_0"], [[560, 10416], 26, "dungeon_2"], [[528, 10416], 25, "dungeon_1"], [[544, 10416], 25, "dungeon_1"], [[624, 10416], 25, "dungeon_1"], [[576, 10432], 25, "dungeon_1"], [[592, 10432], 25, "dungeon_1"], [[560, 10432], 36, "dungeon_corner_3"], [[608, 10432], 35, "dungeon_corner_2"]], "5;81": [[[752, 10416], 25, "dungeon_1"], [[640, 10432], 25, "dungeon_1"], [[736, 10432], 35, "dungeon_corner_2"], [[656, 10432], 35, "dungeon_corner_2"], [[752, 10432], 28, "dungeon_4"], [[736, 10432], 28, "dungeon_4"], [[656, 10432], 28, "dungeon_4"], [[640, 10432], 28, "dungeon_4"], [[720, 10480], 28, "dungeon_4"], [[736, 10480], 28, "dungeon_4"], [[752, 10480], 28, "dungeon_4"], [[704, 10480], 28, "dungeon_4"], [[688, 10480], 28, "dungeon_4"], [[672, 10480], 28, "dungeon_4"], [[656, 10480], 28, "dungeon_4"], [[640, 10480], 28, "dungeon_4"], [[640, 10448], 28, "dungeon_4"], [[656, 10448], 28, "dungeon_4"], [[672, 10448], 28, "dungeon_4"], [[688, 10448], 28, "dungeon_4"], [[704, 10448], 28, "dungeon_4"], [[720, 10448], 28, "dungeon_4"], [[736, 10448], 28, "dungeon_4"], [[752, 10448], 28, "dungeon_4"], [[752, 10464], 28, "dungeon_4"], [[736, 10464], 28, "dungeon_4"], [[720, 10464], 28, "dungeon_4"], [[704, 10464], 28, "dungeon_4"], [[688, 10464], 28, "dungeon_4"], [[672, 10464], 28, "dungeon_4"], [[656, 10464], 28, "dungeon_4"], [[640, 10464], 28, "dungeon_4"], [[720, 10416], 24, "dungeon_0"], [[672, 10416], 26, "dungeon_2"], [[656, 10416], 25, "dungeon_1"], [[640, 10416], 25, "dungeon_1"], [[736, 10416], 25, "dungeon_1"], [[688, 10432], 25, "dungeon_1"], [[704, 10432], 25, "dungeon_1"], [[672, 10432], 36, "dungeon_corner_3"], [[720, 10432], 35, "dungeon_corner_2"]], "6;81": [[[768, 10416], 25, "dungeon_1"], [[784, 10416], 25, "dungeon_1"], [[800, 10416], 25, "dungeon_1"], [[816, 10400], 24, "dungeon_0"], [[832, 10384], 27, "dungeon_3"], [[832, 10368], 27, "dungeon_3"], [[816, 10416], 35, "dungeon_corner_2"], [[832, 10400], 35, "dungeon_corner_2"], [[832, 10416], 28, "dungeon_4"], [[832, 10432], 28, "dungeon_4"], [[816, 10432], 28, "dungeon_4"], [[800, 10432], 28, "dungeon_4"], [[784, 10432], 28, "dungeon_4"], [[768, 10432], 28, "dungeon_4"], [[848, 10432], 28, "dungeon_4"], [[864, 10432], 28, "dungeon_4"], [[880, 10432], 28, "dungeon_4"], [[848, 10368], 28, "dungeon_4"], [[848, 10384], 28, "dungeon_4"], [[848, 10400], 28, "dungeon_4"], [[848, 10416], 28, "dungeon_4"], [[848, 10448], 28, "dungeon_4"], [[848, 10464], 28, "dungeon_4"], [[848, 10480], 28, "dungeon_4"], [[864, 10416], 28, "dungeon_4"], [[864, 10400], 28, "dungeon_4"], [[864, 10384], 28, "dungeon_4"], [[864, 10368], 28, "dungeon_4"], [[880, 10368], 28, "dungeon_4"], [[880, 10384], 28, "dungeon_4"], [[880, 10400], 28, "dungeon_4"], [[880, 10416], 28, "dungeon_4"], [[880, 10448], 28, "dungeon_4"], [[864, 10448], 28, "dungeon_4"], [[864, 10464], 28, "dungeon_4"], [[864, 10480], 28, "dungeon_4"], [[880, 10464], 28, "dungeon_4"], [[880, 10480], 28, "dungeon_4"], [[768, 10480], 28, "dungeon_4"], [[784, 10480], 28, "dungeon_4"], [[800, 10480], 28, "dungeon_4"], [[816, 10480], 28, "dungeon_4"], [[832, 10480], 28, "dungeon_4"], [[768, 10448], 28, "dungeon_4"], [[784, 10448], 28, "dungeon_4"], [[800, 10448], 28, "dungeon_4"], [[816, 10448], 28, "dungeon_4"], [[832, 10448], 28, "dungeon_4"], [[816, 10464], 28, "dungeon_4"], [[800, 10464], 28, "dungeon_4"], [[784, 10464], 28, "dungeon_4"], [[768, 10464], 28, "dungeon_4"], [[832, 10464], 28, "dungeon_4"]], "6;80": [[[768, 10352], 53, "grass_top"], [[832, 10336], 27, "dungeon_3"], [[832, 10320], 27, "dungeon_3"], [[832, 10352], 27, "dungeon_3"], [[784, 10352], 22, "cave_fly_2"], [[768, 10352], 31, "dungeon_7"], [[784, 10256], 22, "cave_fly_2"], [[816, 10304], 20, "cave_fly_0"], [[768, 10240], 29, "dungeon_5"], [[768, 10272], 29, "dungeon_5"], [[768, 10288], 29, "dungeon_5"], [[768, 10304], 29, "dungeon_5"], [[768, 10320], 29, "dungeon_5"], [[768, 10336], 29, "dungeon_5"], [[768, 10256], 28, "dungeon_4"], [[832, 10304], 28, "dungeon_4"], [[832, 10240], 27, "dungeon_3"], [[832, 10256], 27, "dungeon_3"], [[832, 10272], 27, "dungeon_3"], [[832, 10288], 27, "dungeon_3"], [[848, 10240], 28, "dungeon_4"], [[848, 10256], 28, "dungeon_4"], [[848, 10272], 28, "dungeon_4"], [[848, 10288], 28, "dungeon_4"], [[848, 10304], 28, "dungeon_4"], [[848, 10320], 28, "dungeon_4"], [[848, 10336], 28, "dungeon_4"], [[848, 10352], 28, "dungeon_4"], [[864, 10352], 28, "dungeon_4"], [[864, 10336], 28, "dungeon_4"], [[864, 10320], 28, "dungeon_4"], [[880, 10320], 28, "dungeon_4"], [[880, 10336], 28, "dungeon_4"], [[880, 10352], 28, "dungeon_4"], [[864, 10240], 28, "dungeon_4"], [[864, 10256], 28, "dungeon_4"], [[864, 10272], 28, "dungeon_4"], [[864, 10288], 28, "dungeon_4"], [[880, 10288], 28, "dungeon_4"], [[864, 10304], 28, "dungeon_4"], [[880, 10304], 28, "dungeon_4"], [[880, 10272], 28, "dungeon_4"], [[880, 10240], 28, "dungeon_4"], [[880, 10256], 28, "dungeon_4"]], "4;80": [], "5;80": [[[752, 10352], 30, "dungeon_6"], [[752, 10240], 27, "dungeon_3"], [[752, 10256], 27, "dungeon_3"], [[752, 10272], 27, "dungeon_3"], [[752, 10288], 27, "dungeon_3"], [[752, 10304], 27, "dungeon_3"], [[752, 10320], 27, "dungeon_3"], [[752, 10336], 27, "dungeon_3"]], "5;79": [[[752, 10224], 27, "dungeon_3"], [[752, 10208], 24, "dungeon_0"], [[752, 10144], 30, "dungeon_6"], [[640, 10160], 32, "dungeon_8"], [[640, 10144], 24, "dungeon_0"], [[656, 10128], 24, "dungeon_0"], [[672, 10128], 26, "dungeon_2"], [[672, 10144], 32, "dungeon_8"], [[656, 10144], 31, "dungeon_7"], [[752, 10128], 27, "dungeon_3"], [[752, 10112], 27, "dungeon_3"]], "6;79": [[[768, 10208], 26, "dungeon_2"], [[816, 10208], 20, "cave_fly_0"], [[768, 10224], 29, "dungeon_5"], [[832, 10160], 27, "dungeon_3"], [[832, 10176], 27, "dungeon_3"], [[832, 10192], 27, "dungeon_3"], [[832, 10224], 27, "dungeon_3"], [[832, 10208], 28, "dungeon_4"], [[768, 10144], 31, "dungeon_7"], [[784, 10144], 31, "dungeon_7"], [[800, 10144], 31, "dungeon_7"], [[816, 10144], 31, "dungeon_7"], [[832, 10144], 34, "dungeon_corner_1"], [[816, 10112], 25, "dungeon_1"], [[800, 10112], 25, "dungeon_1"], [[784, 10112], 25, "dungeon_1"], [[832, 10112], 35, "dungeon_corner_2"], [[768, 10112], 36, "dungeon_corner_3"], [[768, 10128], 28, "dungeon_4"], [[784, 10128], 28, "dungeon_4"], [[800, 10128], 28, "dungeon_4"], [[816, 10128], 28, "dungeon_4"], [[832, 10128], 28, "dungeon_4"], [[848, 10112], 28, "dungeon_4"], [[848, 10128], 28, "dungeon_4"], [[848, 10144], 28, "dungeon_4"], [[848, 10160], 28, "dungeon_4"], [[848, 10176], 28, "dungeon_4"], [[848, 10192], 28, "dungeon_4"], [[848, 10208], 28, "dungeon_4"], [[848, 10224], 28, "dungeon_4"], [[864, 10112], 28, "dungeon_4"], [[864, 10128], 28, "dungeon_4"], [[864, 10144], 28, "dungeon_4"], [[864, 10160], 28, "dungeon_4"], [[864, 10176], 28, "dungeon_4"], [[864, 10192], 28, "dungeon_4"], [[864, 10208], 28, "dungeon_4"], [[864, 10224], 28, "dungeon_4"], [[880, 10112], 28, "dungeon_4"], [[880, 10128], 28, "dungeon_4"], [[880, 10144], 28, "dungeon_4"], [[880, 10160], 28, "dungeon_4"], [[880, 10176], 28, "dungeon_4"], [[880, 10192], 28, "dungeon_4"], [[880, 10208], 28, "dungeon_4"], [[880, 10224], 28, "dungeon_4"]], "4;79": [[[512, 10224], 30, "dungeon_6"], [[512, 10208], 24, "dungeon_0"], [[528, 10208], 26, "dungeon_2"], [[528, 10224], 32, "dungeon_8"], [[624, 10160], 20, "cave_fly_0"], [[512, 10128], 26, "dungeon_2"], [[512, 10144], 32, "dungeon_8"]], "4;77": [[[592, 9952], 21, "cave_fly_1"]], "5;78": [[[752, 10096], 27, "dungeon_3"], [[752, 10080], 27, "dungeon_3"], [[752, 10064], 27, "dungeon_3"], [[752, 10048], 27, "dungeon_3"], [[752, 10032], 24, "dungeon_0"]], "6;78": [[[768, 10032], 26, "dungeon_2"], [[768, 10096], 29, "dungeon_5"], [[768, 10048], 29, "dungeon_5"], [[768, 10064], 29, "dungeon_5"], [[768, 10080], 29, "dungeon_5"], [[832, 9984], 27, "dungeon_3"], [[816, 10000], 20, "cave_fly_0"], [[816, 10064], 20, "cave_fly_0"], [[848, 9984], 28, "dungeon_4"], [[848, 10000], 28, "dungeon_4"], [[832, 10096], 27, "dungeon_3"], [[832, 10080], 27, "dungeon_3"], [[832, 10016], 27, "dungeon_3"], [[832, 10032], 27, "dungeon_3"], [[832, 10048], 27, "dungeon_3"], [[832, 10000], 28, "dungeon_4"], [[832, 10064], 28, "dungeon_4"], [[848, 10016], 28, "dungeon_4"], [[848, 10032], 28, "dungeon_4"], [[848, 10048], 28, "dungeon_4"], [[848, 10064], 28, "dungeon_4"], [[848, 10080], 28, "dungeon_4"], [[848, 10096], 28, "dungeon_4"], [[864, 9984], 28, "dungeon_4"], [[864, 10000], 28, "dungeon_4"], [[864, 10016], 28, "dungeon_4"], [[864, 10032], 28, "dungeon_4"], [[864, 10048], 28, "dungeon_4"], [[864, 10064], 28, "dungeon_4"], [[864, 10080], 28, "dungeon_4"], [[864, 10096], 28, "dungeon_4"], [[880, 9984], 28, "dungeon_4"], [[880, 10000], 28, "dungeon_4"], [[880, 10016], 28, "dungeon_4"], [[880, 10032], 28, "dungeon_4"], [[880, 10048], 28, "dungeon_4"], [[880, 10064], 28, "dungeon_4"], [[880, 10080], 28, "dungeon_4"], [[880, 10096], 28, "dungeon_4"]], "5;77": [[[672, 9968], 21, "cave_fly_1"], [[752, 9968], 21, "cave_fly_1"]], "6;77": [[[768, 9968], 21, "cave_fly_1"], [[832, 9856], 27, "dungeon_3"], [[832, 9872], 27, "dungeon_3"], [[832, 9888], 27, "dungeon_3"], [[832, 9904], 27, "dungeon_3"], [[832, 9920], 27, "dungeon_3"], [[832, 9936], 27, "dungeon_3"], [[832, 9952], 27, "dungeon_3"], [[832, 9968], 27, "dungeon_3"], [[848, 9856], 28, "dungeon_4"], [[848, 9872], 28, "dungeon_4"], [[848, 9888], 28, "dungeon_4"], [[848, 9904], 28, "dungeon_4"], [[848, 9920], 28, "dungeon_4"], [[848, 9936], 28, "dungeon_4"], [[848, 9952], 28, "dungeon_4"], [[848, 9968], 28, "dungeon_4"], [[864, 9856], 28, "dungeon_4"], [[864, 9872], 28, "dungeon_4"], [[864, 9888], 28, "dungeon_4"], [[864, 9904], 28, "dungeon_4"], [[864, 9920], 28, "dungeon_4"], [[864, 9936], 28, "dungeon_4"], [[864, 9952], 28, "dungeon_4"], [[864, 9968], 28, "dungeon_4"], [[880, 9856], 28, "dungeon_4"], [[880, 9872], 28, "dungeon_4"], [[880, 9888], 28, "dungeon_4"], [[880, 9904], 28, "dungeon_4"], [[880, 9920], 28, "dungeon_4"], [[880, 9936], 28, "dungeon_4"], [[880, 9952], 28, "dungeon_4"], [[880, 9968], 28, "dungeon_4"]], "4;76": [[[512, 9840], 31, "dungeon_7"], [[528, 9840], 31, "dungeon_7"], [[544, 9840], 31, "dungeon_7"], [[560, 9840], 31, "dungeon_7"], [[576, 9840], 31, "dungeon_7"], [[592, 9840], 31, "dungeon_7"], [[608, 9840], 31, "dungeon_7"], [[624, 9840], 31, "dungeon_7"], [[624, 9744], 28, "dungeon_4"], [[608, 9744], 28, "dungeon_4"], [[592, 9744], 28, "dungeon_4"], [[576, 9744], 28, "dungeon_4"], [[560, 9744], 28, "dungeon_4"], [[544, 9744], 28, "dungeon_4"], [[528, 9744], 28, "dungeon_4"], [[512, 9744], 28, "dungeon_4"], [[512, 9824], 28, "dungeon_4"], [[528, 9824], 28, "dungeon_4"], [[544, 9824], 28, "dungeon_4"], [[560, 9824], 28, "dungeon_4"], [[576, 9824], 28, "dungeon_4"], [[592, 9824], 28, "dungeon_4"], [[608, 9824], 28, "dungeon_4"], [[608, 9808], 28, "dungeon_4"], [[624, 9808], 28, "dungeon_4"], [[624, 9824], 28, "dungeon_4"], [[624, 9760], 28, "dungeon_4"], [[608, 9760], 28, "dungeon_4"], [[592, 9760], 28, "dungeon_4"], [[576, 9760], 28, "dungeon_4"], [[560, 9760], 28, "dungeon_4"], [[544, 9760], 28, "dungeon_4"], [[528, 9760], 28, "dungeon_4"], [[512, 9760], 28, "dungeon_4"], [[512, 9808], 28, "dungeon_4"], [[512, 9776], 28, "dungeon_4"], [[528, 9776], 28, "dungeon_4"], [[544, 9776], 28, "dungeon_4"], [[560, 9776], 28, "dungeon_4"], [[576, 9776], 28, "dungeon_4"], [[592, 9776], 28, "dungeon_4"], [[608, 9776], 28, "dungeon_4"], [[624, 9776], 28, "dungeon_4"], [[624, 9792], 28, "dungeon_4"], [[608, 9792], 28, "dungeon_4"], [[592, 9792], 28, "dungeon_4"], [[576, 9792], 28, "dungeon_4"], [[560, 9792], 28, "dungeon_4"], [[544, 9792], 28, "dungeon_4"], [[528, 9792], 28, "dungeon_4"], [[512, 9792], 28, "dungeon_4"], [[544, 9808], 28, "dungeon_4"], [[560, 9808], 28, "dungeon_4"], [[576, 9808], 28, "dungeon_4"], [[592, 9808], 28, "dungeon_4"], [[528, 9808], 28, "dungeon_4"]], "5;76": [[[640, 9840], 31, "dungeon_7"], [[656, 9840], 31, "dungeon_7"], [[752, 9744], 28, "dungeon_4"], [[736, 9744], 28, "dungeon_4"], [[720, 9744], 28, "dungeon_4"], [[704, 9744], 28, "dungeon_4"], [[688, 9744], 28, "dungeon_4"], [[672, 9744], 28, "dungeon_4"], [[656, 9744], 28, "dungeon_4"], [[640, 9744], 28, "dungeon_4"], [[640, 9808], 28, "dungeon_4"], [[656, 9808], 28, "dungeon_4"], [[672, 9808], 28, "dungeon_4"], [[688, 9808], 28, "dungeon_4"], [[704, 9808], 28, "dungeon_4"], [[720, 9808], 28, "dungeon_4"], [[736, 9808], 28, "dungeon_4"], [[752, 9808], 28, "dungeon_4"], [[752, 9824], 28, "dungeon_4"], [[720, 9824], 28, "dungeon_4"], [[704, 9824], 28, "dungeon_4"], [[688, 9824], 28, "dungeon_4"], [[672, 9824], 28, "dungeon_4"], [[656, 9824], 28, "dungeon_4"], [[640, 9824], 28, "dungeon_4"], [[736, 9824], 28, "dungeon_4"], [[672, 9840], 31, "dungeon_7"], [[688, 9840], 31, "dungeon_7"], [[704, 9840], 31, "dungeon_7"], [[720, 9840], 31, "dungeon_7"], [[736, 9840], 31, "dungeon_7"], [[752, 9840], 31, "dungeon_7"], [[752, 9760], 28, "dungeon_4"], [[736, 9760], 28, "dungeon_4"], [[720, 9760], 28, "dungeon_4"], [[704, 9760], 28, "dungeon_4"], [[688, 9760], 28, "dungeon_4"], [[672, 9760], 28, "dungeon_4"], [[656, 9760], 28, "dungeon_4"], [[640, 9760], 28, "dungeon_4"], [[640, 9776], 28, "dungeon_4"], [[656, 9776], 28, "dungeon_4"], [[672, 9776], 28, "dungeon_4"], [[688, 9776], 28, "dungeon_4"], [[704, 9776], 28, "dungeon_4"], [[720, 9776], 28, "dungeon_4"], [[736, 9776], 28, "dungeon_4"], [[752, 9776], 28, "dungeon_4"], [[752, 9792], 28, "dungeon_4"], [[736, 9792], 28, "dungeon_4"], [[720, 9792], 28, "dungeon_4"], [[704, 9792], 28, "dungeon_4"], [[688, 9792], 28, "dungeon_4"], [[672, 9792], 28, "dungeon_4"], [[656, 9792], 28, "dungeon_4"], [[640, 9792], 28, "dungeon_4"]], "6;76": [[[832, 9840], 34, "dungeon_corner_1"], [[816, 9840], 31, "dungeon_7"], [[832, 9824], 28, "dungeon_4"], [[832, 9808], 28, "dungeon_4"], [[832, 9792], 28, "dungeon_4"], [[832, 9776], 28, "dungeon_4"], [[832, 9760], 28, "dungeon_4"], [[832, 9744], 28, "dungeon_4"], [[848, 9744], 28, "dungeon_4"], [[864, 9744], 28, "dungeon_4"], [[880, 9744], 28, "dungeon_4"], [[816, 9744], 28, "dungeon_4"], [[800, 9744], 28, "dungeon_4"], [[784, 9744], 28, "dungeon_4"], [[768, 9744], 28, "dungeon_4"], [[768, 9808], 28, "dungeon_4"], [[784, 9808], 28, "dungeon_4"], [[800, 9808], 28, "dungeon_4"], [[816, 9808], 28, "dungeon_4"], [[816, 9824], 28, "dungeon_4"], [[800, 9824], 28, "dungeon_4"], [[784, 9824], 28, "dungeon_4"], [[768, 9824], 28, "dungeon_4"], [[768, 9840], 31, "dungeon_7"], [[784, 9840], 31, "dungeon_7"], [[800, 9840], 31, "dungeon_7"], [[816, 9792], 28, "dungeon_4"], [[816, 9776], 28, "dungeon_4"], [[816, 9760], 28, "dungeon_4"], [[800, 9760], 28, "dungeon_4"], [[784, 9760], 28, "dungeon_4"], [[768, 9760], 28, "dungeon_4"], [[768, 9776], 28, "dungeon_4"], [[784, 9776], 28, "dungeon_4"], [[800, 9776], 28, "dungeon_4"], [[768, 9792], 28, "dungeon_4"], [[784, 9792], 28, "dungeon_4"], [[800, 9792], 28, "dungeon_4"], [[848, 9760], 28, "dungeon_4"], [[848, 9776], 28, "dungeon_4"], [[848, 9792], 28, "dungeon_4"], [[848, 9808], 28, "dungeon_4"], [[848, 9824], 28, "dungeon_4"], [[848, 9840], 28, "dungeon_4"], [[880, 9760], 28, "dungeon_4"], [[864, 9760], 28, "dungeon_4"], [[864, 9792], 28, "dungeon_4"], [[864, 9808], 28, "dungeon_4"], [[864, 9824], 28, "dungeon_4"], [[864, 9840], 28, "dungeon_4"], [[864, 9776], 28, "dungeon_4"], [[880, 9776], 28, "dungeon_4"], [[880, 9808], 28, "dungeon_4"], [[880, 9792], 28, "dungeon_4"], [[880, 9824], 28, "dungeon_4"], [[880, 9840], 28, "dungeon_4"]], "-3;79": [[[-272, 10144], 28, "dungeon_4"], [[-288, 10144], 28, "dungeon_4"], [[-304, 10144], 28, "dungeon_4"], [[-304, 10160], 28, "dungeon_4"], [[-304, 10176], 28, "dungeon_4"], [[-304, 10192], 28, "dungeon_4"], [[-304, 10208], 28, "dungeon_4"], [[-304, 10224], 28, "dungeon_4"], [[-304, 10128], 28, "dungeon_4"], [[-304, 10112], 28, "dungeon_4"], [[-272, 10208], 28, "dungeon_4"], [[-288, 10208], 28, "dungeon_4"], [[-288, 10192], 28, "dungeon_4"], [[-288, 10176], 28, "dungeon_4"], [[-288, 10160], 28, "dungeon_4"], [[-272, 10224], 28, "dungeon_4"], [[-272, 10160], 28, "dungeon_4"], [[-288, 10224], 28, "dungeon_4"], [[-272, 10192], 28, "dungeon_4"], [[-272, 10176], 28, "dungeon_4"], [[-288, 10128], 28, "dungeon_4"], [[-288, 10112], 28, "dungeon_4"], [[-272, 10128], 28, "dungeon_4"], [[-272, 10112], 28, "dungeon_4"]], "-2;80": [[[-160, 10240], 28, "dungeon_4"], [[-256, 10240], 28, "dungeon_4"], [[-240, 10240], 28, "dungeon_4"], [[-224, 10240], 28, "dungeon_4"], [[-208, 10240], 28, "dungeon_4"], [[-192, 10240], 28, "dungeon_4"], [[-176, 10240], 28, "dungeon_4"], [[-144, 10240], 28, "dungeon_4"]], "1;80": [[[240, 10256], 28, "dungeon_4"], [[224, 10256], 28, "dungeon_4"], [[208, 10256], 28, "dungeon_4"], [[192, 10256], 28, "dungeon_4"], [[176, 10256], 28, "dungeon_4"], [[176, 10272], 28, "dungeon_4"], [[176, 10288], 28, "dungeon_4"], [[176, 10304], 28, "dungeon_4"], [[176, 10336], 28, "dungeon_4"], [[176, 10352], 28, "dungeon_4"], [[176, 10320], 28, "dungeon_4"], [[128, 10240], 28, "dungeon_4"], [[144, 10240], 28, "dungeon_4"], [[160, 10240], 28, "dungeon_4"], [[176, 10240], 28, "dungeon_4"], [[192, 10240], 28, "dungeon_4"], [[208, 10240], 28, "dungeon_4"], [[224, 10240], 28, "dungeon_4"], [[240, 10240], 28, "dungeon_4"], [[240, 10272], 28, "dungeon_4"], [[224, 10272], 28, "dungeon_4"], [[208, 10272], 28, "dungeon_4"], [[192, 10272], 28, "dungeon_4"], [[192, 10304], 28, "dungeon_4"], [[208, 10320], 28, "dungeon_4"], [[208, 10336], 28, "dungeon_4"], [[208, 10352], 28, "dungeon_4"], [[240, 10288], 28, "dungeon_4"], [[224, 10288], 28, "dungeon_4"], [[208, 10288], 28, "dungeon_4"], [[208, 10304], 28, "dungeon_4"], [[192, 10320], 28, "dungeon_4"], [[192, 10288], 28, "dungeon_4"], [[192, 10336], 28, "dungeon_4"], [[192, 10352], 28, "dungeon_4"], [[224, 10304], 28, "dungeon_4"], [[240, 10304], 28, "dungeon_4"], [[224, 10320], 28, "dungeon_4"], [[224, 10336], 28, "dungeon_4"], [[224, 10352], 28, "dungeon_4"], [[240, 10320], 28, "dungeon_4"], [[240, 10336], 28, "dungeon_4"], [[240, 10352], 28, "dungeon_4"]], "1;81": [[[176, 10368], 28, "dungeon_4"], [[176, 10384], 28, "dungeon_4"], [[176, 10400], 28, "dungeon_4"], [[192, 10416], 28, "dungeon_4"], [[192, 10432], 28, "dungeon_4"], [[208, 10432], 28, "dungeon_4"], [[224, 10432], 28, "dungeon_4"], [[240, 10432], 28, "dungeon_4"], [[176, 10432], 28, "dungeon_4"], [[176, 10416], 28, "dungeon_4"], [[176, 10448], 28, "dungeon_4"], [[176, 10464], 28, "dungeon_4"], [[176, 10480], 28, "dungeon_4"], [[240, 10464], 28, "dungeon_4"], [[224, 10464], 28, "dungeon_4"], [[208, 10464], 28, "dungeon_4"], [[208, 10480], 28, "dungeon_4"], [[240, 10480], 28, "dungeon_4"], [[224, 10480], 28, "dungeon_4"], [[192, 10480], 28, "dungeon_4"], [[192, 10464], 28, "dungeon_4"], [[192, 10448], 28, "dungeon_4"], [[208, 10448], 28, "dungeon_4"], [[224, 10448], 28, "dungeon_4"], [[240, 10448], 28, "dungeon_4"], [[208, 10368], 28, "dungeon_4"], [[208, 10384], 28, "dungeon_4"], [[208, 10400], 28, "dungeon_4"], [[208, 10416], 28, "dungeon_4"], [[240, 10416], 28, "dungeon_4"], [[192, 10368], 28, "dungeon_4"], [[192, 10384], 28, "dungeon_4"], [[192, 10400], 28, "dungeon_4"], [[224, 10400], 28, "dungeon_4"], [[224, 10416], 28, "dungeon_4"], [[224, 10384], 28, "dungeon_4"], [[240, 10400], 28, "dungeon_4"], [[240, 10384], 28, "dungeon_4"], [[240, 10368], 28, "dungeon_4"], [[224, 10368], 28, "dungeon_4"]], "2;82": [[[336, 10496], 28, "dungeon_4"], [[336, 10512], 28, "dungeon_4"], [[320, 10512], 28, "dungeon_4"], [[304, 10512], 28, "dungeon_4"], [[288, 10512], 28, "dungeon_4"], [[272, 10512], 28, "dungeon_4"], [[256, 10512], 28, "dungeon_4"], [[352, 10512], 28, "dungeon_4"], [[368, 10512], 28, "dungeon_4"], [[256, 10496], 28, "dungeon_4"], [[272, 10496], 28, "dungeon_4"], [[288, 10496], 28, "dungeon_4"], [[304, 10496], 28, "dungeon_4"], [[320, 10496], 28, "dungeon_4"], [[352, 10496], 28, "dungeon_4"], [[368, 10496], 28, "dungeon_4"]], "1;82": [[[176, 10496], 28, "dungeon_4"], [[176, 10512], 28, "dungeon_4"], [[192, 10512], 28, "dungeon_4"], [[208, 10512], 28, "dungeon_4"], [[224, 10512], 28, "dungeon_4"], [[240, 10512], 28, "dungeon_4"], [[208, 10496], 28, "dungeon_4"], [[224, 10496], 28, "dungeon_4"], [[240, 10496], 28, "dungeon_4"], [[192, 10496], 28, "dungeon_4"]], "3;82": [[[384, 10512], 28, "dungeon_4"], [[400, 10512], 28, "dungeon_4"], [[416, 10512], 28, "dungeon_4"], [[432, 10512], 28, "dungeon_4"], [[448, 10512], 28, "dungeon_4"], [[464, 10512], 28, "dungeon_4"], [[480, 10512], 28, "dungeon_4"], [[496, 10512], 28, "dungeon_4"], [[496, 10496], 28, "dungeon_4"], [[480, 10496], 28, "dungeon_4"], [[464, 10496], 28, "dungeon_4"], [[448, 10496], 28, "dungeon_4"], [[384, 10496], 28, "dungeon_4"], [[400, 10496], 28, "dungeon_4"], [[416, 10496], 28, "dungeon_4"], [[432, 10496], 28, "dungeon_4"]], "4;82": [[[512, 10512], 28, "dungeon_4"], [[528, 10512], 28, "dungeon_4"], [[544, 10512], 28, "dungeon_4"], [[560, 10512], 28, "dungeon_4"], [[576, 10512], 28, "dungeon_4"], [[592, 10512], 28, "dungeon_4"], [[608, 10512], 28, "dungeon_4"], [[624, 10512], 28, "dungeon_4"], [[624, 10496], 28, "dungeon_4"], [[608, 10496], 28, "dungeon_4"], [[592, 10496], 28, "dungeon_4"], [[576, 10496], 28, "dungeon_4"], [[560, 10496], 28, "dungeon_4"], [[544, 10496], 28, "dungeon_4"], [[528, 10496], 28, "dungeon_4"], [[512, 10496], 28, "dungeon_4"]], "5;82": [[[640, 10512], 28, "dungeon_4"], [[656, 10512], 28, "dungeon_4"], [[672, 10512], 28, "dungeon_4"], [[688, 10512], 28, "dungeon_4"], [[704, 10512], 28, "dungeon_4"], [[720, 10512], 28, "dungeon_4"], [[736, 10512], 28, "dungeon_4"], [[752, 10512], 28, "dungeon_4"], [[752, 10496], 28, "dungeon_4"], [[736, 10496], 28, "dungeon_4"], [[720, 10496], 28, "dungeon_4"], [[704, 10496], 28, "dungeon_4"], [[688, 10496], 28, "dungeon_4"], [[672, 10496], 28, "dungeon_4"], [[656, 10496], 28, "dungeon_4"], [[640, 10496], 28, "dungeon_4"]], "6;82": [[[768, 10512], 28, "dungeon_4"], [[784, 10512], 28, "dungeon_4"], [[800, 10512], 28, "dungeon_4"], [[816, 10512], 28, "dungeon_4"], [[832, 10512], 28, "dungeon_4"], [[848, 10512], 28, "dungeon_4"], [[864, 10512], 28, "dungeon_4"], [[880, 10512], 28, "dungeon_4"], [[848, 10496], 28, "dungeon_4"], [[880, 10496], 28, "dungeon_4"], [[864, 10496], 28, "dungeon_4"], [[800, 10496], 28, "dungeon_4"], [[816, 10496], 28, "dungeon_4"], [[832, 10496], 28, "dungeon_4"], [[784, 10496], 28, "dungeon_4"], [[768, 10496], 28, "dungeon_4"]], "7;81": [[[896, 10432], 28, "dungeon_4"], [[912, 10432], 28, "dungeon_4"], [[928, 10432], 28, "dungeon_4"], [[944, 10432], 28, "dungeon_4"], [[960, 10432], 28, "dungeon_4"], [[976, 10432], 28, "dungeon_4"], [[992, 10432], 28, "dungeon_4"], [[1008, 10432], 28, "dungeon_4"], [[1008, 10448], 28, "dungeon_4"], [[1008, 10464], 28, "dungeon_4"], [[1008, 10480], 28, "dungeon_4"], [[1008, 10416], 28, "dungeon_4"], [[1008, 10400], 28, "dungeon_4"], [[1008, 10384], 28, "dungeon_4"], [[1008, 10368], 28, "dungeon_4"], [[896, 10416], 28, "dungeon_4"], [[896, 10400], 28, "dungeon_4"], [[896, 10384], 28, "dungeon_4"], [[896, 10368], 28, "dungeon_4"], [[912, 10368], 28, "dungeon_4"], [[912, 10384], 28, "dungeon_4"], [[912, 10400], 28, "dungeon_4"], [[912, 10416], 28, "dungeon_4"], [[944, 10416], 28, "dungeon_4"], [[944, 10400], 28, "dungeon_4"], [[944, 10384], 28, "dungeon_4"], [[944, 10368], 28, "dungeon_4"], [[928, 10416], 28, "dungeon_4"], [[960, 10416], 28, "dungeon_4"], [[976, 10400], 28, "dungeon_4"], [[992, 10400], 28, "dungeon_4"], [[992, 10384], 28, "dungeon_4"], [[992, 10368], 28, "dungeon_4"], [[992, 10416], 28, "dungeon_4"], [[976, 10384], 28, "dungeon_4"], [[960, 10400], 28, "dungeon_4"], [[960, 10368], 28, "dungeon_4"], [[976, 10368], 28, "dungeon_4"], [[976, 10416], 28, "dungeon_4"], [[960, 10384], 28, "dungeon_4"], [[928, 10368], 28, "dungeon_4"], [[928, 10384], 28, "dungeon_4"], [[928, 10400], 28, "dungeon_4"], [[944, 10480], 28, "dungeon_4"], [[960, 10480], 28, "dungeon_4"], [[992, 10480], 28, "dungeon_4"], [[992, 10464], 28, "dungeon_4"], [[992, 10448], 28, "dungeon_4"], [[960, 10448], 28, "dungeon_4"], [[944, 10448], 28, "dungeon_4"], [[912, 10448], 28, "dungeon_4"], [[976, 10480], 28, "dungeon_4"], [[976, 10464], 28, "dungeon_4"], [[976, 10448], 28, "dungeon_4"], [[896, 10448], 28, "dungeon_4"], [[896, 10480], 28, "dungeon_4"], [[912, 10480], 28, "dungeon_4"], [[928, 10464], 28, "dungeon_4"], [[928, 10448], 28, "dungeon_4"], [[896, 10464], 28, "dungeon_4"], [[912, 10464], 28, "dungeon_4"], [[944, 10464], 28, "dungeon_4"], [[960, 10464], 28, "dungeon_4"], [[928, 10480], 28, "dungeon_4"]], "7;82": [[[928, 10512], 28, "dungeon_4"], [[944, 10512], 28, "dungeon_4"], [[960, 10512], 28, "dungeon_4"], [[976, 10512], 28, "dungeon_4"], [[992, 10512], 28, "dungeon_4"], [[912, 10512], 28, "dungeon_4"], [[896, 10512], 28, "dungeon_4"], [[1008, 10496], 28, "dungeon_4"], [[1008, 10512], 28, "dungeon_4"], [[912, 10496], 28, "dungeon_4"], [[928, 10496], 28, "dungeon_4"], [[944, 10496], 28, "dungeon_4"], [[992, 10496], 28, "dungeon_4"], [[976, 10496], 28, "dungeon_4"], [[960, 10496], 28, "dungeon_4"], [[896, 10496], 28, "dungeon_4"]], "7;80": [[[1008, 10352], 28, "dungeon_4"], [[1008, 10336], 28, "dungeon_4"], [[1008, 10320], 28, "dungeon_4"], [[1008, 10304], 28, "dungeon_4"], [[1008, 10288], 28, "dungeon_4"], [[1008, 10272], 28, "dungeon_4"], [[1008, 10256], 28, "dungeon_4"], [[1008, 10240], 28, "dungeon_4"], [[896, 10352], 28, "dungeon_4"], [[896, 10336], 28, "dungeon_4"], [[896, 10320], 28, "dungeon_4"], [[896, 10304], 28, "dungeon_4"], [[912, 10304], 28, "dungeon_4"], [[912, 10320], 28, "dungeon_4"], [[912, 10336], 28, "dungeon_4"], [[912, 10352], 28, "dungeon_4"], [[944, 10352], 28, "dungeon_4"], [[944, 10336], 28, "dungeon_4"], [[944, 10320], 28, "dungeon_4"], [[928, 10320], 28, "dungeon_4"], [[992, 10352], 28, "dungeon_4"], [[976, 10336], 28, "dungeon_4"], [[960, 10336], 28, "dungeon_4"], [[960, 10352], 28, "dungeon_4"], [[992, 10304], 28, "dungeon_4"], [[976, 10320], 28, "dungeon_4"], [[992, 10288], 28, "dungeon_4"], [[976, 10256], 28, "dungeon_4"], [[960, 10256], 28, "dungeon_4"], [[976, 10240], 28, "dungeon_4"], [[976, 10272], 28, "dungeon_4"], [[976, 10288], 28, "dungeon_4"], [[976, 10304], 28, "dungeon_4"], [[976, 10352], 28, "dungeon_4"], [[992, 10336], 28, "dungeon_4"], [[992, 10320], 28, "dungeon_4"], [[992, 10272], 28, "dungeon_4"], [[992, 10256], 28, "dungeon_4"], [[992, 10240], 28, "dungeon_4"], [[944, 10304], 28, "dungeon_4"], [[944, 10288], 28, "dungeon_4"], [[928, 10288], 28, "dungeon_4"], [[912, 10288], 28, "dungeon_4"], [[960, 10304], 28, "dungeon_4"], [[960, 10320], 28, "dungeon_4"], [[896, 10272], 28, "dungeon_4"], [[912, 10272], 28, "dungeon_4"], [[928, 10304], 28, "dungeon_4"], [[896, 10288], 28, "dungeon_4"], [[960, 10288], 28, "dungeon_4"], [[960, 10272], 28, "dungeon_4"], [[960, 10240], 28, "dungeon_4"], [[896, 10240], 28, "dungeon_4"], [[944, 10240], 28, "dungeon_4"], [[944, 10256], 28, "dungeon_4"], [[944, 10272], 28, "dungeon_4"], [[928, 10272], 28, "dungeon_4"], [[928, 10256], 28, "dungeon_4"], [[928, 10240], 28, "dungeon_4"], [[912, 10256], 28, "dungeon_4"], [[896, 10256], 28, "dungeon_4"], [[912, 10240], 28, "dungeon_4"], [[928, 10352], 28, "dungeon_4"], [[928, 10336], 28, "dungeon_4"]], "7;79": [[[1008, 10224], 28, "dungeon_4"], [[1008, 10208], 28, "dungeon_4"], [[1008, 10192], 28, "dungeon_4"], [[1008, 10176], 28, "dungeon_4"], [[1008, 10160], 28, "dungeon_4"], [[1008, 10144], 28, "dungeon_4"], [[1008, 10128], 28, "dungeon_4"], [[1008, 10112], 28, "dungeon_4"], [[976, 10224], 28, "dungeon_4"], [[976, 10208], 28, "dungeon_4"], [[960, 10224], 28, "dungeon_4"], [[992, 10224], 28, "dungeon_4"], [[992, 10208], 28, "dungeon_4"], [[992, 10192], 28, "dungeon_4"], [[992, 10176], 28, "dungeon_4"], [[992, 10160], 28, "dungeon_4"], [[992, 10144], 28, "dungeon_4"], [[992, 10128], 28, "dungeon_4"], [[992, 10112], 28, "dungeon_4"], [[960, 10208], 28, "dungeon_4"], [[960, 10192], 28, "dungeon_4"], [[960, 10176], 28, "dungeon_4"], [[960, 10160], 28, "dungeon_4"], [[960, 10144], 28, "dungeon_4"], [[960, 10128], 28, "dungeon_4"], [[976, 10160], 28, "dungeon_4"], [[976, 10176], 28, "dungeon_4"], [[976, 10192], 28, "dungeon_4"], [[976, 10144], 28, "dungeon_4"], [[976, 10128], 28, "dungeon_4"], [[976, 10112], 28, "dungeon_4"], [[896, 10224], 28, "dungeon_4"], [[896, 10208], 28, "dungeon_4"], [[896, 10192], 28, "dungeon_4"], [[896, 10176], 28, "dungeon_4"], [[896, 10160], 28, "dungeon_4"], [[896, 10144], 28, "dungeon_4"], [[896, 10128], 28, "dungeon_4"], [[896, 10112], 28, "dungeon_4"], [[928, 10112], 28, "dungeon_4"], [[928, 10128], 28, "dungeon_4"], [[928, 10144], 28, "dungeon_4"], [[912, 10160], 28, "dungeon_4"], [[912, 10176], 28, "dungeon_4"], [[912, 10192], 28, "dungeon_4"], [[912, 10144], 28, "dungeon_4"], [[912, 10128], 28, "dungeon_4"], [[912, 10112], 28, "dungeon_4"], [[928, 10160], 28, "dungeon_4"], [[944, 10160], 28, "dungeon_4"], [[960, 10112], 28, "dungeon_4"], [[944, 10112], 28, "dungeon_4"], [[944, 10128], 28, "dungeon_4"], [[944, 10144], 28, "dungeon_4"], [[944, 10176], 28, "dungeon_4"], [[944, 10192], 28, "dungeon_4"], [[944, 10208], 28, "dungeon_4"], [[944, 10224], 28, "dungeon_4"], [[928, 10176], 28, "dungeon_4"], [[928, 10192], 28, "dungeon_4"], [[928, 10208], 28, "dungeon_4"], [[928, 10224], 28, "dungeon_4"], [[912, 10224], 28, "dungeon_4"], [[912, 10208], 28, "dungeon_4"]], "7;78": [[[1008, 10096], 28, "dungeon_4"], [[1008, 10080], 28, "dungeon_4"], [[1008, 10064], 28, "dungeon_4"], [[1008, 10048], 28, "dungeon_4"], [[1008, 10032], 28, "dungeon_4"], [[1008, 10016], 28, "dungeon_4"], [[1008, 10000], 28, "dungeon_4"], [[1008, 9984], 28, "dungeon_4"], [[992, 10096], 28, "dungeon_4"], [[992, 10080], 28, "dungeon_4"], [[992, 10064], 28, "dungeon_4"], [[992, 10048], 28, "dungeon_4"], [[992, 10032], 28, "dungeon_4"], [[992, 10016], 28, "dungeon_4"], [[992, 10000], 28, "dungeon_4"], [[992, 9984], 28, "dungeon_4"], [[976, 10096], 28, "dungeon_4"], [[976, 10080], 28, "dungeon_4"], [[976, 10064], 28, "dungeon_4"], [[976, 10048], 28, "dungeon_4"], [[976, 10032], 28, "dungeon_4"], [[976, 10016], 28, "dungeon_4"], [[976, 10000], 28, "dungeon_4"], [[976, 9984], 28, "dungeon_4"], [[896, 10096], 28, "dungeon_4"], [[896, 10080], 28, "dungeon_4"], [[912, 10064], 28, "dungeon_4"], [[912, 10048], 28, "dungeon_4"], [[912, 10032], 28, "dungeon_4"], [[912, 10016], 28, "dungeon_4"], [[912, 10000], 28, "dungeon_4"], [[912, 9984], 28, "dungeon_4"], [[928, 9984], 28, "dungeon_4"], [[928, 10000], 28, "dungeon_4"], [[928, 10016], 28, "dungeon_4"], [[928, 10032], 28, "dungeon_4"], [[928, 10048], 28, "dungeon_4"], [[928, 10064], 28, "dungeon_4"], [[928, 10080], 28, "dungeon_4"], [[928, 10096], 28, "dungeon_4"], [[912, 10096], 28, "dungeon_4"], [[912, 10080], 28, "dungeon_4"], [[896, 9984], 28, "dungeon_4"], [[896, 10032], 28, "dungeon_4"], [[896, 10016], 28, "dungeon_4"], [[896, 10000], 28, "dungeon_4"], [[896, 10048], 28, "dungeon_4"], [[896, 10064], 28, "dungeon_4"], [[960, 10096], 28, "dungeon_4"], [[960, 10080], 28, "dungeon_4"], [[960, 10064], 28, "dungeon_4"], [[960, 10048], 28, "dungeon_4"], [[960, 10032], 28, "dungeon_4"], [[960, 10016], 28, "dungeon_4"], [[960, 10000], 28, "dungeon_4"], [[960, 9984], 28, "dungeon_4"], [[944, 9984], 28, "dungeon_4"], [[944, 10000], 28, "dungeon_4"], [[944, 10016], 28, "dungeon_4"], [[944, 10032], 28, "dungeon_4"], [[944, 10048], 28, "dungeon_4"], [[944, 10064], 28, "dungeon_4"], [[944, 10080], 28, "dungeon_4"], [[944, 10096], 28, "dungeon_4"]], "7;77": [[[1008, 9968], 28, "dungeon_4"], [[1008, 9952], 28, "dungeon_4"], [[1008, 9936], 28, "dungeon_4"], [[1008, 9920], 28, "dungeon_4"], [[1008, 9904], 28, "dungeon_4"], [[1008, 9888], 28, "dungeon_4"], [[1008, 9872], 28, "dungeon_4"], [[1008, 9856], 28, "dungeon_4"], [[992, 9968], 28, "dungeon_4"], [[992, 9952], 28, "dungeon_4"], [[992, 9936], 28, "dungeon_4"], [[992, 9920], 28, "dungeon_4"], [[992, 9904], 28, "dungeon_4"], [[992, 9888], 28, "dungeon_4"], [[992, 9872], 28, "dungeon_4"], [[992, 9856], 28, "dungeon_4"], [[976, 9968], 28, "dungeon_4"], [[976, 9952], 28, "dungeon_4"], [[976, 9936], 28, "dungeon_4"], [[976, 9920], 28, "dungeon_4"], [[976, 9904], 28, "dungeon_4"], [[976, 9888], 28, "dungeon_4"], [[976, 9872], 28, "dungeon_4"], [[976, 9856], 28, "dungeon_4"], [[896, 9968], 28, "dungeon_4"], [[896, 9952], 28, "dungeon_4"], [[896, 9936], 28, "dungeon_4"], [[896, 9920], 28, "dungeon_4"], [[896, 9904], 28, "dungeon_4"], [[896, 9888], 28, "dungeon_4"], [[896, 9872], 28, "dungeon_4"], [[896, 9856], 28, "dungeon_4"], [[944, 9856], 28, "dungeon_4"], [[928, 9872], 28, "dungeon_4"], [[928, 9888], 28, "dungeon_4"], [[928, 9904], 28, "dungeon_4"], [[928, 9920], 28, "dungeon_4"], [[928, 9936], 28, "dungeon_4"], [[928, 9952], 28, "dungeon_4"], [[928, 9968], 28, "dungeon_4"], [[928, 9856], 28, "dungeon_4"], [[912, 9856], 28, "dungeon_4"], [[912, 9872], 28, "dungeon_4"], [[912, 9888], 28, "dungeon_4"], [[912, 9904], 28, "dungeon_4"], [[912, 9920], 28, "dungeon_4"], [[912, 9936], 28, "dungeon_4"], [[912, 9952], 28, "dungeon_4"], [[912, 9968], 28, "dungeon_4"], [[960, 9968], 28, "dungeon_4"], [[960, 9952], 28, "dungeon_4"], [[960, 9936], 28, "dungeon_4"], [[960, 9920], 28, "dungeon_4"], [[960, 9904], 28, "dungeon_4"], [[960, 9888], 28, "dungeon_4"], [[960, 9872], 28, "dungeon_4"], [[960, 9856], 28, "dungeon_4"], [[944, 9872], 28, "dungeon_4"], [[944, 9888], 28, "dungeon_4"], [[944, 9904], 28, "dungeon_4"], [[944, 9920], 28, "dungeon_4"], [[944, 9936], 28, "dungeon_4"], [[944, 9952], 28, "dungeon_4"], [[944, 9968], 28, "dungeon_4"]], "7;76": [[[1008, 9840], 28, "dungeon_4"], [[896, 9744], 28, "dungeon_4"], [[912, 9744], 28, "dungeon_4"], [[928, 9744], 28, "dungeon_4"], [[944, 9744], 28, "dungeon_4"], [[960, 9744], 28, "dungeon_4"], [[976, 9744], 28, "dungeon_4"], [[992, 9744], 28, "dungeon_4"], [[1008, 9744], 28, "dungeon_4"], [[1008, 9776], 28, "dungeon_4"], [[1008, 9792], 28, "dungeon_4"], [[1008, 9808], 28, "dungeon_4"], [[1008, 9824], 28, "dungeon_4"], [[1008, 9760], 28, "dungeon_4"], [[992, 9840], 28, "dungeon_4"], [[992, 9824], 28, "dungeon_4"], [[992, 9808], 28, "dungeon_4"], [[992, 9792], 28, "dungeon_4"], [[992, 9776], 28, "dungeon_4"], [[992, 9760], 28, "dungeon_4"], [[976, 9760], 28, "dungeon_4"], [[976, 9776], 28, "dungeon_4"], [[960, 9760], 28, "dungeon_4"], [[944, 9760], 28, "dungeon_4"], [[928, 9760], 28, "dungeon_4"], [[912, 9760], 28, "dungeon_4"], [[896, 9760], 28, "dungeon_4"], [[976, 9840], 28, "dungeon_4"], [[976, 9824], 28, "dungeon_4"], [[976, 9808], 28, "dungeon_4"], [[976, 9792], 28, "dungeon_4"], [[960, 9776], 28, "dungeon_4"], [[944, 9776], 28, "dungeon_4"], [[928, 9776], 28, "dungeon_4"], [[912, 9776], 28, "dungeon_4"], [[896, 9776], 28, "dungeon_4"], [[896, 9808], 28, "dungeon_4"], [[896, 9792], 28, "dungeon_4"], [[912, 9792], 28, "dungeon_4"], [[928, 9792], 28, "dungeon_4"], [[944, 9792], 28, "dungeon_4"], [[960, 9792], 28, "dungeon_4"], [[960, 9808], 28, "dungeon_4"], [[944, 9808], 28, "dungeon_4"], [[928, 9808], 28, "dungeon_4"], [[896, 9840], 28, "dungeon_4"], [[896, 9824], 28, "dungeon_4"], [[912, 9808], 28, "dungeon_4"], [[944, 9824], 28, "dungeon_4"], [[944, 9840], 28, "dungeon_4"], [[928, 9840], 28, "dungeon_4"], [[928, 9824], 28, "dungeon_4"], [[912, 9824], 28, "dungeon_4"], [[912, 9840], 28, "dungeon_4"], [[960, 9840], 28, "dungeon_4"], [[960, 9824], 28, "dungeon_4"]], "8;76": [], "-3;77": [[[-304, 9968], 28, "dungeon_4"], [[-304, 9952], 28, "dungeon_4"], [[-304, 9936], 28, "dungeon_4"], [[-304, 9920], 28, "dungeon_4"], [[-304, 9904], 28, "dungeon_4"], [[-304, 9888], 28, "dungeon_4"], [[-304, 9872], 28, "dungeon_4"], [[-304, 9856], 28, "dungeon_4"], [[-272, 9856], 28, "dungeon_4"], [[-288, 9856], 28, "dungeon_4"], [[-288, 9872], 28, "dungeon_4"], [[-288, 9888], 28, "dungeon_4"], [[-288, 9904], 28, "dungeon_4"], [[-288, 9920], 28, "dungeon_4"], [[-288, 9936], 28, "dungeon_4"], [[-288, 9952], 28, "dungeon_4"], [[-288, 9968], 28, "dungeon_4"], [[-272, 9968], 28, "dungeon_4"], [[-272, 9952], 28, "dungeon_4"], [[-272, 9936], 28, "dungeon_4"], [[-272, 9920], 28, "dungeon_4"], [[-272, 9904], 28, "dungeon_4"], [[-272, 9888], 28, "dungeon_4"], [[-272, 9872], 28, "dungeon_4"]], "-3;78": [[[-304, 10096], 28, "dungeon_4"], [[-304, 10080], 28, "dungeon_4"], [[-304, 10064], 28, "dungeon_4"], [[-304, 10048], 28, "dungeon_4"], [[-304, 10032], 28, "dungeon_4"], [[-304, 10016], 28, "dungeon_4"], [[-304, 10000], 28, "dungeon_4"], [[-304, 9984], 28, "dungeon_4"], [[-288, 9984], 28, "dungeon_4"], [[-288, 10000], 28, "dungeon_4"], [[-288, 10016], 28, "dungeon_4"], [[-288, 10032], 28, "dungeon_4"], [[-288, 10048], 28, "dungeon_4"], [[-288, 10096], 28, "dungeon_4"], [[-288, 10080], 28, "dungeon_4"], [[-288, 10064], 28, "dungeon_4"], [[-272, 10096], 28, "dungeon_4"], [[-272, 10080], 28, "dungeon_4"], [[-272, 10064], 28, "dungeon_4"], [[-272, 10048], 28, "dungeon_4"], [[-272, 10032], 28, "dungeon_4"], [[-272, 10016], 28, "dungeon_4"], [[-272, 10000], 28, "dungeon_4"], [[-272, 9984], 28, "dungeon_4"]], "-3;80": [[[-304, 10240], 28, "dungeon_4"], [[-288, 10240], 28, "dungeon_4"], [[-272, 10240], 28, "dungeon_4"]], "-1;80": [[[-128, 10240], 28, "dungeon_4"], [[-112, 10240], 28, "dungeon_4"], [[-96, 10240], 28, "dungeon_4"], [[-80, 10240], 28, "dungeon_4"], [[-64, 10240], 28, "dungeon_4"], [[-48, 10240], 28, "dungeon_4"], [[-32, 10240], 28, "dungeon_4"], [[-16, 10240], 28, "dungeon_4"]], "0;80": [[[0, 10240], 28, "dungeon_4"], [[16, 10240], 28, "dungeon_4"], [[32, 10240], 28, "dungeon_4"], [[48, 10240], 28, "dungeon_4"], [[64, 10240], 28, "dungeon_4"], [[80, 10240], 28, "dungeon_4"], [[96, 10240], 28, "dungeon_4"], [[112, 10240], 28, "dungeon_4"]], "-3;76": [[[-288, 9840], 28, "dungeon_4"], [[-288, 9824], 28, "dungeon_4"], [[-288, 9808], 28, "dungeon_4"], [[-288, 9792], 28, "dungeon_4"], [[-288, 9776], 28, "dungeon_4"], [[-288, 9760], 28, "dungeon_4"], [[-288, 9744], 28, "dungeon_4"], [[-304, 9744], 28, "dungeon_4"], [[-304, 9760], 28, "dungeon_4"], [[-304, 9776], 28, "dungeon_4"], [[-304, 9792], 28, "dungeon_4"], [[-304, 9808], 28, "dungeon_4"], [[-304, 9824], 28, "dungeon_4"], [[-304, 9840], 28, "dungeon_4"], [[-272, 9744], 28, "dungeon_4"], [[-272, 9760], 28, "dungeon_4"], [[-272, 9776], 28, "dungeon_4"], [[-272, 9792], 28, "dungeon_4"], [[-272, 9808], 28, "dungeon_4"], [[-272, 9824], 28, "dungeon_4"], [[-272, 9840], 28, "dungeon_4"]], "9;79": [], "9;78": []}, "object": [[[-112, 10048], 76, "spikes"], [[-112, 9984], 76, "spikes"], [[-16, 10000], 76, "spikes"], [[-16, 9936], 76, "spikes"], [[-16, 10064], 76, "spikes"], [[-112, 9856], 76, "spikes"], [[-96, 9856], 76, "spikes"], [[-64, 9856], 76, "spikes"], [[-48, 9856], 76, "spikes"], [[-32, 9856], 76, "spikes"], [[-16, 9856], 76, "spikes"], [[-128, 9856], 76, "spikes"], [[0, 9936], 76, "spikes"], [[80, 9916], 82, "trap_suspended"], [[48, 9884], 75, "save_point"], [[80, 9996], 82, "trap_suspended"], [[80, 10076], 82, "trap_suspended"], [[176, 10096], 76, "spikes"], [[192, 10096], 76, "spikes"], [[208, 10096], 76, "spikes"], [[224, 10096], 76, "spikes"], [[240, 10096], 76, "spikes"], [[256, 10096], 76, "spikes"], [[272, 10096], 76, "spikes"], [[288, 10096], 76, "spikes"], [[304, 10096], 76, "spikes"], [[288, 10056], 70, "loot_box"], [[304, 10056], 70, "loot_box"], [[320, 10056], 70, "loot_box"], [[320, 10096], 76, "spikes"], [[336, 10096], 76, "spikes"], [[352, 10096], 76, "spikes"], [[368, 10096], 76, "spikes"], [[384, 10096], 76, "spikes"], [[784, 10368], 76, "spikes"], [[816, 10320], 76, "spikes"], [[784, 10272], 76, "spikes"], [[816, 10224], 76, "spikes"], [[816, 10160], 76, "spikes"], [[784, 10160], 76, "spikes"], [[800, 10160], 76, "spikes"], [[432, 10364], 82, "trap_suspended"], [[516, 10188], 75, "save_point"], [[216, 9880], 65, "door"], [[352, 10048], 69, "lever"], [[-80, 9856], 76, "spikes"], [[256, 9856], 79, "strange_door"], [[432, 10320], 81, "trap_spike"], [[592, 10320], 81, "trap_spike"], [[464, 10320], 81, "trap_spike"], [[352, 10144], 81, "trap_spike"], [[528, 10048], 76, "spikes"], [[592, 9968], 76, "spikes"], [[672, 9984], 76, "spikes"], [[752, 9984], 76, "spikes"], [[768, 9984], 76, "spikes"], [[592, 9856], 76, "spikes"], [[672, 9856], 76, "spikes"], [[608, 9856], 76, "spikes"], [[624, 9856], 76, "spikes"], [[640, 9856], 76, "spikes"], [[688, 9856], 76, "spikes"], [[704, 9856], 76, "spikes"], [[736, 9856], 76, "spikes"], [[768, 9856], 76, "spikes"], [[784, 9856], 76, "spikes"], [[800, 9856], 76, "spikes"], [[752, 9856], 76, "spikes"], [[720, 9856], 76, "spikes"], [[656, 9856], 76, "spikes"], [[576, 9856], 76, "spikes"], [[560, 9856], 76, "spikes"], [[544, 9856], 76, "spikes"], [[528, 9856], 76, "spikes"], [[512, 9856], 76, "spikes"], [[496, 9856], 76, "spikes"], [[480, 9856], 76, "spikes"], [[464, 9856], 76, "spikes"], [[448, 9856], 76, "spikes"], [[432, 9856], 76, "spikes"], [[416, 9856], 76, "spikes"], [[400, 9856], 76, "spikes"], [[384, 9856], 76, "spikes"], [[368, 9856], 76, "spikes"], [[352, 9856], 76, "spikes"], [[336, 9856], 76, "spikes"], [[320, 9856], 76, "spikes"], [[304, 9856], 76, "spikes"], [[816, 9856], 76, "spikes"], [[0, 10120], 80, "tiki_torch_props"], [[-112, 10072], 80, "tiki_torch_props"], [[-8, 9960], 80, "tiki_torch_props"], [[24, 9880], 80, "tiki_torch_props"], [[264, 10024], 80, "tiki_torch_props"], [[152, 10120], 80, "tiki_torch_props"], [[304, 10120], 80, "tiki_torch_props"], [[416, 10392], 80, "tiki_torch_props"], [[320, 10124], 75, "save_point"], [[784, 10392], 80, "tiki_torch_props"], [[664, 10104], 80, "tiki_torch_props"], [[488, 10104], 80, "tiki_torch_props"], [[800, 10088], 80, "tiki_torch_props"], [[752, 9944], 80, "tiki_torch_props"], [[600, 9928], 80, "tiki_torch_props"], [[408, 9944], 80, "tiki_torch_props"], [[248, 9880], 80, "tiki_torch_props"], [[384, 10208], 81, "trap_spike"], [[368, 10352], 81, "trap_spike"], [[544, 10364], 82, "trap_suspended"], [[656, 10364], 82, "trap_suspended"], [[352, 10272], 81, "trap_spike"], [[496, 10320], 81, "trap_spike"], [[528, 10320], 81, "trap_spike"], [[560, 10320], 81, "trap_spike"], [[624, 10320], 81, "trap_spike"], [[656, 10320], 81, "trap_spike"], [[688, 10320], 81, "trap_spike"], [[720, 10320], 81, "trap_spike"], [[448, 10352], 81, "trap_spike"], [[480, 10352], 81, "trap_spike"], [[512, 10352], 81, "trap_spike"], [[544, 10352], 81, "trap_spike"], [[576, 10352], 81, "trap_spike"], [[608, 10352], 81, "trap_spike"], [[640, 10352], 81, "trap_spike"], [[672, 10352], 81, "trap_spike"], [[704, 10352], 81, "trap_spike"], [[736, 10352], 81, "trap_spike"], [[448, 10288], 81, "trap_spike"], [[480, 10288], 81, "trap_spike"], [[512, 10288], 81, "trap_spike"], [[544, 10288], 81, "trap_spike"], [[576, 10288], 81, "trap_spike"], [[608, 10288], 81, "trap_spike"], [[640, 10288], 81, "trap_spike"], [[672, 10288], 81, "trap_spike"], [[704, 10288], 81, "trap_spike"], [[736, 10288], 81, "trap_spike"], [[816, 10104], 70, "loot_box"], [[768, 10396], 75, "save_point"], [[768, 10012], 75, "save_point"], [[768, 10184], 80, "tiki_torch_props"]], "entity": [[[-16, 9904], 88, "bomber_goblin"], [[288, 10128], 89, "goblin"], [[80, 10128], 89, "goblin"], [[384, 10048], 89, "goblin"], [[816, 10288], 88, "bomber_goblin"], [[640, 10128], 88, "bomber_goblin"], [[768, 9952], 88, "bomber_goblin"], [[416, 9952], 88, "bomber_goblin"], [[528, 10016], 90, "herochar"]], "variable": {}}