{"tile": {"0;78": [[[0, 10072], 57, "wood_slab_middle"], [[32, 10072], 57, "wood_slab_middle"], [[64, 10072], 57, "wood_slab_middle"], [[16, 10096], 53, "grass_top"], [[32, 10096], 53, "grass_top"], [[48, 10096], 53, "grass_top"], [[64, 10096], 53, "grass_top"], [[80, 10096], 53, "grass_top"], [[96, 10096], 53, "grass_top"], [[0, 10000], 38, "grass_bottom"], [[16, 10000], 38, "grass_bottom"], [[32, 10000], 38, "grass_bottom"], [[48, 10000], 38, "grass_bottom"], [[64, 10000], 38, "grass_bottom"], [[80, 10000], 38, "grass_bottom"], [[96, 10000], 38, "grass_bottom"], [[0, 9984], 45, "grass_dirt"], [[16, 9984], 45, "grass_dirt"], [[32, 9984], 45, "grass_dirt"], [[48, 9984], 45, "grass_dirt"], [[64, 9984], 45, "grass_dirt"], [[80, 9984], 45, "grass_dirt"], [[96, 9984], 45, "grass_dirt"], [[112, 9984], 45, "grass_dirt"], [[0, 10088], 50, "grass_props"], [[32, 10088], 50, "grass_props"], [[0, 10088], 3, "bigflowers_props"], [[80, 10088], 3, "bigflowers_props"], [[48, 10088], 3, "bigflowers_props"], [[16, 10088], 3, "bigflowers_props"], [[64, 10088], 50, "grass_props"], [[0, 10096], 53, "grass_top"], [[112, 10096], 53, "grass_top"], [[112, 10000], 38, "grass_bottom"]], "-1;78": [[[-32, 10096], 53, "grass_top"], [[-16, 10096], 53, "grass_top"], [[-48, 10016], 51, "grass_right"], [[-48, 10032], 51, "grass_right"], [[-48, 10048], 51, "grass_right"], [[-48, 10064], 51, "grass_right"], [[-48, 10080], 51, "grass_right"], [[-48, 10000], 42, "grass_corner_bottom_right"], [[-48, 10096], 44, "grass_corner_top_right"], [[-16, 10000], 38, "grass_bottom"], [[-64, 10064], 45, "grass_dirt"], [[-80, 10064], 45, "grass_dirt"], [[-96, 10064], 45, "grass_dirt"], [[-112, 10064], 45, "grass_dirt"], [[-128, 10064], 45, "grass_dirt"], [[-32, 9984], 45, "grass_dirt"], [[-48, 9984], 45, "grass_dirt"], [[-64, 9984], 45, "grass_dirt"], [[-80, 9984], 45, "grass_dirt"], [[-96, 9984], 45, "grass_dirt"], [[-112, 9984], 45, "grass_dirt"], [[-128, 9984], 45, "grass_dirt"], [[-128, 10080], 45, "grass_dirt"], [[-128, 10096], 45, "grass_dirt"], [[-112, 10096], 45, "grass_dirt"], [[-112, 10080], 45, "grass_dirt"], [[-96, 10096], 45, "grass_dirt"], [[-80, 10080], 45, "grass_dirt"], [[-96, 10080], 45, "grass_dirt"], [[-64, 10096], 45, "grass_dirt"], [[-64, 10080], 45, "grass_dirt"], [[-80, 10096], 45, "grass_dirt"], [[-80, 10048], 45, "grass_dirt"], [[-80, 10032], 45, "grass_dirt"], [[-80, 10016], 45, "grass_dirt"], [[-80, 10000], 45, "grass_dirt"], [[-96, 10000], 45, "grass_dirt"], [[-96, 10016], 45, "grass_dirt"], [[-96, 10032], 45, "grass_dirt"], [[-96, 10048], 45, "grass_dirt"], [[-64, 10048], 45, "grass_dirt"], [[-64, 10032], 45, "grass_dirt"], [[-64, 10016], 45, "grass_dirt"], [[-64, 10000], 45, "grass_dirt"], [[-112, 10000], 45, "grass_dirt"], [[-128, 10000], 45, "grass_dirt"], [[-128, 10016], 45, "grass_dirt"], [[-112, 10016], 45, "grass_dirt"], [[-112, 10032], 45, "grass_dirt"], [[-112, 10048], 45, "grass_dirt"], [[-128, 10048], 45, "grass_dirt"], [[-128, 10032], 45, "grass_dirt"], [[-16, 9984], 45, "grass_dirt"], [[-32, 10000], 45, "grass_dirt"]], "1;78": [[[128, 9984], 45, "grass_dirt"], [[144, 9984], 45, "grass_dirt"], [[160, 9984], 45, "grass_dirt"], [[160, 10000], 45, "grass_dirt"], [[160, 10016], 45, "grass_dirt"], [[160, 10032], 45, "grass_dirt"], [[160, 10048], 45, "grass_dirt"], [[160, 10064], 45, "grass_dirt"], [[160, 10080], 45, "grass_dirt"], [[160, 10096], 45, "grass_dirt"], [[144, 10096], 45, "grass_dirt"], [[144, 10080], 45, "grass_dirt"], [[144, 10064], 45, "grass_dirt"], [[144, 10048], 45, "grass_dirt"], [[144, 10032], 45, "grass_dirt"], [[144, 10016], 45, "grass_dirt"], [[144, 10000], 45, "grass_dirt"], [[176, 10064], 45, "grass_dirt"], [[192, 10064], 45, "grass_dirt"], [[208, 10064], 45, "grass_dirt"], [[224, 10064], 45, "grass_dirt"], [[240, 10064], 45, "grass_dirt"], [[176, 10096], 45, "grass_dirt"], [[176, 10080], 45, "grass_dirt"], [[192, 10096], 45, "grass_dirt"], [[192, 10080], 45, "grass_dirt"], [[208, 10096], 45, "grass_dirt"], [[208, 10080], 45, "grass_dirt"], [[224, 10080], 45, "grass_dirt"], [[224, 10096], 45, "grass_dirt"], [[240, 10096], 45, "grass_dirt"], [[240, 10080], 45, "grass_dirt"], [[176, 10048], 45, "grass_dirt"], [[176, 10032], 45, "grass_dirt"], [[176, 10016], 45, "grass_dirt"], [[176, 10000], 45, "grass_dirt"], [[192, 9984], 45, "grass_dirt"], [[192, 10016], 45, "grass_dirt"], [[192, 10000], 45, "grass_dirt"], [[176, 9984], 45, "grass_dirt"], [[192, 10032], 45, "grass_dirt"], [[192, 10048], 45, "grass_dirt"], [[208, 10048], 45, "grass_dirt"], [[224, 10032], 45, "grass_dirt"], [[224, 10016], 45, "grass_dirt"], [[224, 10000], 45, "grass_dirt"], [[224, 9984], 45, "grass_dirt"], [[208, 9984], 45, "grass_dirt"], [[208, 10000], 45, "grass_dirt"], [[208, 10016], 45, "grass_dirt"], [[208, 10032], 45, "grass_dirt"], [[224, 10048], 45, "grass_dirt"], [[240, 10048], 45, "grass_dirt"], [[240, 10032], 45, "grass_dirt"], [[240, 10016], 45, "grass_dirt"], [[240, 10000], 45, "grass_dirt"], [[240, 9984], 45, "grass_dirt"], [[128, 10016], 49, "grass_left"], [[128, 10032], 49, "grass_left"], [[128, 10048], 49, "grass_left"], [[128, 10064], 49, "grass_left"], [[128, 10080], 49, "grass_left"], [[128, 10096], 43, "grass_corner_top_left"], [[128, 10000], 41, "grass_corner_bottom_left"]], "-2;78": [[[-144, 10064], 45, "grass_dirt"], [[-160, 10064], 45, "grass_dirt"], [[-176, 10064], 45, "grass_dirt"], [[-208, 10064], 45, "grass_dirt"], [[-192, 10064], 45, "grass_dirt"], [[-208, 10080], 45, "grass_dirt"], [[-208, 10096], 45, "grass_dirt"], [[-208, 10048], 45, "grass_dirt"], [[-208, 10032], 45, "grass_dirt"], [[-208, 10016], 45, "grass_dirt"], [[-208, 10000], 45, "grass_dirt"], [[-208, 9984], 45, "grass_dirt"], [[-192, 10048], 45, "grass_dirt"], [[-192, 10032], 45, "grass_dirt"], [[-192, 10016], 45, "grass_dirt"], [[-192, 10000], 45, "grass_dirt"], [[-192, 9984], 45, "grass_dirt"], [[-144, 9984], 45, "grass_dirt"], [[-160, 9984], 45, "grass_dirt"], [[-176, 9984], 45, "grass_dirt"], [[-176, 10032], 45, "grass_dirt"], [[-176, 10048], 45, "grass_dirt"], [[-176, 10080], 45, "grass_dirt"], [[-176, 10096], 45, "grass_dirt"], [[-192, 10096], 45, "grass_dirt"], [[-192, 10080], 45, "grass_dirt"], [[-160, 10096], 45, "grass_dirt"], [[-160, 10080], 45, "grass_dirt"], [[-160, 10048], 45, "grass_dirt"], [[-144, 10080], 45, "grass_dirt"], [[-144, 10096], 45, "grass_dirt"], [[-144, 10000], 45, "grass_dirt"], [[-160, 10000], 45, "grass_dirt"], [[-176, 10000], 45, "grass_dirt"], [[-176, 10016], 45, "grass_dirt"], [[-160, 10016], 45, "grass_dirt"], [[-144, 10016], 45, "grass_dirt"], [[-144, 10048], 45, "grass_dirt"], [[-160, 10032], 45, "grass_dirt"], [[-144, 10032], 45, "grass_dirt"]], "-2;79": [[[-208, 10112], 45, "grass_dirt"], [[-208, 10128], 45, "grass_dirt"], [[-208, 10144], 45, "grass_dirt"], [[-208, 10160], 45, "grass_dirt"], [[-208, 10176], 45, "grass_dirt"], [[-192, 10176], 45, "grass_dirt"], [[-176, 10176], 45, "grass_dirt"], [[-160, 10176], 45, "grass_dirt"], [[-144, 10176], 45, "grass_dirt"], [[-144, 10192], 45, "grass_dirt"], [[-160, 10192], 45, "grass_dirt"], [[-176, 10192], 45, "grass_dirt"], [[-192, 10192], 45, "grass_dirt"], [[-208, 10192], 45, "grass_dirt"], [[-176, 10112], 45, "grass_dirt"], [[-176, 10128], 45, "grass_dirt"], [[-176, 10144], 45, "grass_dirt"], [[-192, 10160], 45, "grass_dirt"], [[-192, 10144], 45, "grass_dirt"], [[-192, 10112], 45, "grass_dirt"], [[-192, 10128], 45, "grass_dirt"], [[-176, 10160], 45, "grass_dirt"], [[-160, 10160], 45, "grass_dirt"], [[-144, 10160], 45, "grass_dirt"], [[-144, 10112], 45, "grass_dirt"], [[-160, 10112], 45, "grass_dirt"], [[-160, 10128], 45, "grass_dirt"], [[-144, 10128], 45, "grass_dirt"], [[-144, 10144], 45, "grass_dirt"], [[-160, 10144], 45, "grass_dirt"]], "-1;79": [[[-128, 10176], 45, "grass_dirt"], [[-112, 10176], 45, "grass_dirt"], [[-96, 10176], 45, "grass_dirt"], [[-80, 10176], 45, "grass_dirt"], [[-64, 10176], 45, "grass_dirt"], [[-48, 10176], 45, "grass_dirt"], [[-32, 10176], 45, "grass_dirt"], [[-16, 10176], 45, "grass_dirt"], [[-16, 10192], 45, "grass_dirt"], [[-32, 10192], 45, "grass_dirt"], [[-48, 10192], 45, "grass_dirt"], [[-64, 10192], 45, "grass_dirt"], [[-80, 10192], 45, "grass_dirt"], [[-96, 10192], 45, "grass_dirt"], [[-112, 10192], 45, "grass_dirt"], [[-128, 10192], 45, "grass_dirt"], [[-128, 10160], 45, "grass_dirt"], [[-112, 10160], 45, "grass_dirt"], [[-96, 10160], 45, "grass_dirt"], [[-80, 10160], 45, "grass_dirt"], [[-64, 10160], 45, "grass_dirt"], [[-48, 10160], 45, "grass_dirt"], [[-32, 10160], 45, "grass_dirt"], [[-16, 10160], 45, "grass_dirt"], [[-16, 10112], 45, "grass_dirt"], [[-32, 10112], 45, "grass_dirt"], [[-48, 10112], 45, "grass_dirt"], [[-64, 10112], 45, "grass_dirt"], [[-80, 10112], 45, "grass_dirt"], [[-96, 10112], 45, "grass_dirt"], [[-112, 10112], 45, "grass_dirt"], [[-128, 10112], 45, "grass_dirt"], [[-128, 10144], 45, "grass_dirt"], [[-112, 10144], 45, "grass_dirt"], [[-96, 10144], 45, "grass_dirt"], [[-80, 10144], 45, "grass_dirt"], [[-64, 10144], 45, "grass_dirt"], [[-48, 10144], 45, "grass_dirt"], [[-32, 10144], 45, "grass_dirt"], [[-16, 10144], 45, "grass_dirt"], [[-16, 10128], 45, "grass_dirt"], [[-32, 10128], 45, "grass_dirt"], [[-48, 10128], 45, "grass_dirt"], [[-64, 10128], 45, "grass_dirt"], [[-80, 10128], 45, "grass_dirt"], [[-96, 10128], 45, "grass_dirt"], [[-112, 10128], 45, "grass_dirt"], [[-128, 10128], 45, "grass_dirt"]], "0;79": [[[0, 10176], 45, "grass_dirt"], [[16, 10176], 45, "grass_dirt"], [[32, 10176], 45, "grass_dirt"], [[48, 10176], 45, "grass_dirt"], [[48, 10112], 45, "grass_dirt"], [[48, 10128], 45, "grass_dirt"], [[48, 10144], 45, "grass_dirt"], [[48, 10160], 45, "grass_dirt"], [[48, 10192], 45, "grass_dirt"], [[32, 10192], 45, "grass_dirt"], [[16, 10192], 45, "grass_dirt"], [[0, 10192], 45, "grass_dirt"], [[0, 10160], 45, "grass_dirt"], [[16, 10160], 45, "grass_dirt"], [[32, 10160], 45, "grass_dirt"], [[32, 10144], 45, "grass_dirt"], [[32, 10128], 45, "grass_dirt"], [[32, 10112], 45, "grass_dirt"], [[16, 10112], 45, "grass_dirt"], [[0, 10112], 45, "grass_dirt"], [[0, 10144], 45, "grass_dirt"], [[16, 10144], 45, "grass_dirt"], [[16, 10128], 45, "grass_dirt"], [[0, 10128], 45, "grass_dirt"], [[112, 10128], 45, "grass_dirt"], [[96, 10128], 45, "grass_dirt"], [[80, 10128], 45, "grass_dirt"], [[64, 10128], 45, "grass_dirt"], [[64, 10112], 45, "grass_dirt"], [[80, 10112], 45, "grass_dirt"], [[96, 10112], 45, "grass_dirt"], [[112, 10112], 45, "grass_dirt"], [[112, 10176], 45, "grass_dirt"], [[96, 10192], 45, "grass_dirt"], [[80, 10192], 45, "grass_dirt"], [[64, 10192], 45, "grass_dirt"], [[112, 10192], 45, "grass_dirt"], [[112, 10144], 45, "grass_dirt"], [[96, 10144], 45, "grass_dirt"], [[80, 10144], 45, "grass_dirt"], [[64, 10144], 45, "grass_dirt"], [[64, 10160], 45, "grass_dirt"], [[64, 10176], 45, "grass_dirt"], [[80, 10176], 45, "grass_dirt"], [[96, 10176], 45, "grass_dirt"], [[112, 10160], 45, "grass_dirt"], [[96, 10160], 45, "grass_dirt"], [[80, 10160], 45, "grass_dirt"]], "-2;77": [[[-208, 9968], 45, "grass_dirt"], [[-208, 9952], 45, "grass_dirt"], [[-208, 9936], 45, "grass_dirt"], [[-208, 9920], 45, "grass_dirt"], [[-192, 9968], 45, "grass_dirt"], [[-192, 9952], 45, "grass_dirt"], [[-192, 9936], 45, "grass_dirt"], [[-192, 9920], 45, "grass_dirt"], [[-192, 9904], 45, "grass_dirt"], [[-208, 9856], 45, "grass_dirt"], [[-208, 9872], 45, "grass_dirt"], [[-208, 9888], 45, "grass_dirt"], [[-208, 9904], 45, "grass_dirt"], [[-192, 9856], 45, "grass_dirt"], [[-176, 9856], 45, "grass_dirt"], [[-160, 9856], 45, "grass_dirt"], [[-144, 9856], 45, "grass_dirt"], [[-144, 9872], 45, "grass_dirt"], [[-160, 9872], 45, "grass_dirt"], [[-176, 9872], 45, "grass_dirt"], [[-176, 9888], 45, "grass_dirt"], [[-192, 9888], 45, "grass_dirt"], [[-192, 9872], 45, "grass_dirt"], [[-160, 9888], 45, "grass_dirt"], [[-144, 9888], 45, "grass_dirt"], [[-144, 9904], 45, "grass_dirt"], [[-160, 9904], 45, "grass_dirt"], [[-176, 9904], 45, "grass_dirt"], [[-176, 9920], 45, "grass_dirt"], [[-176, 9936], 45, "grass_dirt"], [[-176, 9952], 45, "grass_dirt"], [[-176, 9968], 45, "grass_dirt"], [[-160, 9968], 45, "grass_dirt"], [[-160, 9952], 45, "grass_dirt"], [[-160, 9936], 45, "grass_dirt"], [[-160, 9920], 45, "grass_dirt"], [[-144, 9952], 45, "grass_dirt"], [[-144, 9936], 45, "grass_dirt"], [[-144, 9920], 45, "grass_dirt"], [[-144, 9968], 45, "grass_dirt"]], "-1;77": [[[-32, 9968], 45, "grass_dirt"], [[-32, 9952], 45, "grass_dirt"], [[-32, 9920], 45, "grass_dirt"], [[-32, 9936], 45, "grass_dirt"], [[-32, 9904], 45, "grass_dirt"], [[-32, 9888], 45, "grass_dirt"], [[-32, 9872], 45, "grass_dirt"], [[-32, 9856], 45, "grass_dirt"], [[-128, 9856], 45, "grass_dirt"], [[-112, 9856], 45, "grass_dirt"], [[-96, 9856], 45, "grass_dirt"], [[-80, 9856], 45, "grass_dirt"], [[-64, 9856], 45, "grass_dirt"], [[-48, 9856], 45, "grass_dirt"], [[-80, 9968], 45, "grass_dirt"], [[-80, 9952], 45, "grass_dirt"], [[-80, 9936], 45, "grass_dirt"], [[-64, 9936], 45, "grass_dirt"], [[-64, 9920], 45, "grass_dirt"], [[-64, 9904], 45, "grass_dirt"], [[-64, 9888], 45, "grass_dirt"], [[-64, 9872], 45, "grass_dirt"], [[-80, 9872], 45, "grass_dirt"], [[-96, 9872], 45, "grass_dirt"], [[-112, 9872], 45, "grass_dirt"], [[-128, 9872], 45, "grass_dirt"], [[-128, 9888], 45, "grass_dirt"], [[-112, 9888], 45, "grass_dirt"], [[-96, 9888], 45, "grass_dirt"], [[-80, 9888], 45, "grass_dirt"], [[-48, 9888], 45, "grass_dirt"], [[-48, 9872], 45, "grass_dirt"], [[-48, 9904], 45, "grass_dirt"], [[-48, 9920], 45, "grass_dirt"], [[-48, 9936], 45, "grass_dirt"], [[-48, 9952], 45, "grass_dirt"], [[-48, 9968], 45, "grass_dirt"], [[-64, 9968], 45, "grass_dirt"], [[-64, 9952], 45, "grass_dirt"], [[-80, 9920], 45, "grass_dirt"], [[-80, 9904], 45, "grass_dirt"], [[-96, 9904], 45, "grass_dirt"], [[-112, 9904], 45, "grass_dirt"], [[-128, 9904], 45, "grass_dirt"], [[-128, 9920], 45, "grass_dirt"], [[-128, 9936], 45, "grass_dirt"], [[-128, 9952], 45, "grass_dirt"], [[-128, 9968], 45, "grass_dirt"], [[-112, 9968], 45, "grass_dirt"], [[-96, 9968], 45, "grass_dirt"], [[-96, 9952], 45, "grass_dirt"], [[-112, 9936], 45, "grass_dirt"], [[-112, 9920], 45, "grass_dirt"], [[-112, 9952], 45, "grass_dirt"], [[-96, 9936], 45, "grass_dirt"], [[-96, 9920], 45, "grass_dirt"], [[-16, 9856], 45, "grass_dirt"], [[-16, 9872], 45, "grass_dirt"], [[-16, 9888], 45, "grass_dirt"], [[-16, 9904], 45, "grass_dirt"], [[-16, 9920], 45, "grass_dirt"], [[-16, 9968], 45, "grass_dirt"], [[-16, 9952], 45, "grass_dirt"], [[-16, 9936], 45, "grass_dirt"]], "-1;76": [[[-32, 9840], 45, "grass_dirt"], [[-48, 9840], 45, "grass_dirt"], [[-64, 9840], 45, "grass_dirt"], [[-80, 9840], 45, "grass_dirt"], [[-96, 9840], 45, "grass_dirt"], [[-112, 9840], 45, "grass_dirt"], [[-128, 9840], 45, "grass_dirt"], [[-16, 9840], 45, "grass_dirt"]], "-2;76": [[[-144, 9840], 45, "grass_dirt"], [[-160, 9840], 45, "grass_dirt"], [[-176, 9840], 45, "grass_dirt"], [[-192, 9840], 45, "grass_dirt"], [[-208, 9840], 45, "grass_dirt"]], "1;79": [[[160, 10112], 45, "grass_dirt"], [[160, 10128], 45, "grass_dirt"], [[144, 10128], 45, "grass_dirt"], [[128, 10128], 45, "grass_dirt"], [[144, 10112], 45, "grass_dirt"], [[128, 10112], 45, "grass_dirt"], [[128, 10144], 45, "grass_dirt"], [[128, 10160], 45, "grass_dirt"], [[128, 10176], 45, "grass_dirt"], [[128, 10192], 45, "grass_dirt"], [[144, 10192], 45, "grass_dirt"], [[144, 10176], 45, "grass_dirt"], [[160, 10176], 45, "grass_dirt"], [[160, 10160], 45, "grass_dirt"], [[160, 10144], 45, "grass_dirt"], [[160, 10192], 45, "grass_dirt"], [[144, 10160], 45, "grass_dirt"], [[144, 10144], 45, "grass_dirt"], [[240, 10192], 45, "grass_dirt"], [[224, 10192], 45, "grass_dirt"], [[208, 10192], 45, "grass_dirt"], [[192, 10192], 45, "grass_dirt"], [[176, 10192], 45, "grass_dirt"], [[176, 10176], 45, "grass_dirt"], [[176, 10160], 45, "grass_dirt"], [[176, 10144], 45, "grass_dirt"], [[176, 10128], 45, "grass_dirt"], [[176, 10112], 45, "grass_dirt"], [[192, 10160], 45, "grass_dirt"], [[192, 10176], 45, "grass_dirt"], [[192, 10144], 45, "grass_dirt"], [[192, 10128], 45, "grass_dirt"], [[192, 10112], 45, "grass_dirt"], [[208, 10112], 45, "grass_dirt"], [[208, 10128], 45, "grass_dirt"], [[208, 10144], 45, "grass_dirt"], [[208, 10160], 45, "grass_dirt"], [[224, 10160], 45, "grass_dirt"], [[208, 10176], 45, "grass_dirt"], [[224, 10112], 45, "grass_dirt"], [[224, 10128], 45, "grass_dirt"], [[224, 10144], 45, "grass_dirt"], [[240, 10176], 45, "grass_dirt"], [[240, 10160], 45, "grass_dirt"], [[240, 10144], 45, "grass_dirt"], [[240, 10128], 45, "grass_dirt"], [[240, 10112], 45, "grass_dirt"], [[224, 10176], 45, "grass_dirt"]], "2;78": [[[256, 10064], 45, "grass_dirt"], [[272, 10064], 45, "grass_dirt"], [[272, 10080], 45, "grass_dirt"], [[272, 10096], 45, "grass_dirt"], [[256, 10080], 45, "grass_dirt"], [[256, 10096], 45, "grass_dirt"], [[256, 10048], 45, "grass_dirt"], [[256, 10032], 45, "grass_dirt"], [[256, 10016], 45, "grass_dirt"], [[256, 10000], 45, "grass_dirt"], [[256, 9984], 45, "grass_dirt"], [[272, 9984], 45, "grass_dirt"], [[272, 10000], 45, "grass_dirt"], [[272, 10016], 45, "grass_dirt"], [[272, 10032], 45, "grass_dirt"], [[272, 10048], 45, "grass_dirt"], [[288, 9984], 45, "grass_dirt"], [[288, 10000], 45, "grass_dirt"], [[288, 10016], 45, "grass_dirt"], [[288, 10032], 45, "grass_dirt"], [[288, 10048], 45, "grass_dirt"], [[288, 10064], 45, "grass_dirt"], [[288, 10080], 45, "grass_dirt"], [[288, 10096], 45, "grass_dirt"]], "2;79": [[[272, 10112], 45, "grass_dirt"], [[272, 10128], 45, "grass_dirt"], [[272, 10144], 45, "grass_dirt"], [[272, 10160], 45, "grass_dirt"], [[272, 10176], 45, "grass_dirt"], [[272, 10192], 45, "grass_dirt"], [[256, 10192], 45, "grass_dirt"], [[256, 10144], 45, "grass_dirt"], [[256, 10160], 45, "grass_dirt"], [[256, 10176], 45, "grass_dirt"], [[256, 10128], 45, "grass_dirt"], [[256, 10112], 45, "grass_dirt"], [[288, 10112], 45, "grass_dirt"], [[288, 10128], 45, "grass_dirt"], [[288, 10144], 45, "grass_dirt"], [[288, 10160], 45, "grass_dirt"], [[288, 10176], 45, "grass_dirt"], [[288, 10192], 45, "grass_dirt"]], "2;77": [[[256, 9968], 45, "grass_dirt"], [[256, 9952], 45, "grass_dirt"], [[256, 9936], 45, "grass_dirt"], [[272, 9936], 45, "grass_dirt"], [[272, 9952], 45, "grass_dirt"], [[272, 9968], 45, "grass_dirt"], [[272, 9856], 45, "grass_dirt"], [[272, 9888], 45, "grass_dirt"], [[272, 9904], 45, "grass_dirt"], [[272, 9920], 45, "grass_dirt"], [[272, 9872], 45, "grass_dirt"], [[256, 9856], 45, "grass_dirt"], [[256, 9920], 45, "grass_dirt"], [[256, 9904], 45, "grass_dirt"], [[256, 9888], 45, "grass_dirt"], [[256, 9872], 45, "grass_dirt"], [[288, 9856], 45, "grass_dirt"], [[288, 9872], 45, "grass_dirt"], [[288, 9888], 45, "grass_dirt"], [[288, 9904], 45, "grass_dirt"], [[288, 9920], 45, "grass_dirt"], [[288, 9936], 45, "grass_dirt"], [[288, 9952], 45, "grass_dirt"], [[288, 9968], 45, "grass_dirt"]], "1;77": [[[192, 9968], 45, "grass_dirt"], [[192, 9952], 45, "grass_dirt"], [[192, 9936], 45, "grass_dirt"], [[176, 9936], 45, "grass_dirt"], [[176, 9968], 45, "grass_dirt"], [[176, 9952], 45, "grass_dirt"], [[176, 9920], 45, "grass_dirt"], [[176, 9904], 45, "grass_dirt"], [[176, 9888], 45, "grass_dirt"], [[176, 9872], 45, "grass_dirt"], [[176, 9856], 45, "grass_dirt"], [[240, 9856], 45, "grass_dirt"], [[224, 9856], 45, "grass_dirt"], [[208, 9856], 45, "grass_dirt"], [[192, 9856], 45, "grass_dirt"], [[192, 9872], 45, "grass_dirt"], [[192, 9888], 45, "grass_dirt"], [[192, 9904], 45, "grass_dirt"], [[192, 9920], 45, "grass_dirt"], [[208, 9952], 45, "grass_dirt"], [[224, 9968], 45, "grass_dirt"], [[224, 9952], 45, "grass_dirt"], [[224, 9936], 45, "grass_dirt"], [[224, 9920], 45, "grass_dirt"], [[224, 9904], 45, "grass_dirt"], [[224, 9888], 45, "grass_dirt"], [[224, 9872], 45, "grass_dirt"], [[208, 9888], 45, "grass_dirt"], [[208, 9904], 45, "grass_dirt"], [[208, 9920], 45, "grass_dirt"], [[208, 9936], 45, "grass_dirt"], [[208, 9968], 45, "grass_dirt"], [[240, 9968], 45, "grass_dirt"], [[240, 9952], 45, "grass_dirt"], [[240, 9936], 45, "grass_dirt"], [[240, 9872], 45, "grass_dirt"], [[240, 9888], 45, "grass_dirt"], [[240, 9904], 45, "grass_dirt"], [[240, 9920], 45, "grass_dirt"], [[208, 9872], 45, "grass_dirt"], [[160, 9872], 45, "grass_dirt"], [[144, 9872], 45, "grass_dirt"], [[128, 9872], 45, "grass_dirt"], [[128, 9904], 45, "grass_dirt"], [[144, 9904], 45, "grass_dirt"], [[160, 9904], 45, "grass_dirt"], [[128, 9968], 45, "grass_dirt"], [[144, 9968], 45, "grass_dirt"], [[160, 9968], 45, "grass_dirt"], [[160, 9952], 45, "grass_dirt"], [[144, 9952], 45, "grass_dirt"], [[128, 9952], 45, "grass_dirt"], [[160, 9936], 45, "grass_dirt"], [[144, 9936], 45, "grass_dirt"], [[128, 9936], 45, "grass_dirt"], [[128, 9920], 45, "grass_dirt"], [[144, 9920], 45, "grass_dirt"], [[160, 9920], 45, "grass_dirt"], [[160, 9888], 45, "grass_dirt"], [[144, 9888], 45, "grass_dirt"], [[128, 9888], 45, "grass_dirt"], [[160, 9856], 45, "grass_dirt"], [[144, 9856], 45, "grass_dirt"], [[128, 9856], 45, "grass_dirt"]], "0;76": [[[0, 9840], 45, "grass_dirt"], [[16, 9840], 45, "grass_dirt"], [[32, 9840], 45, "grass_dirt"], [[48, 9840], 45, "grass_dirt"], [[64, 9840], 45, "grass_dirt"], [[80, 9840], 45, "grass_dirt"], [[96, 9840], 45, "grass_dirt"], [[112, 9840], 45, "grass_dirt"]], "1;76": [[[128, 9840], 45, "grass_dirt"], [[144, 9840], 45, "grass_dirt"], [[160, 9840], 45, "grass_dirt"], [[176, 9840], 45, "grass_dirt"], [[192, 9840], 45, "grass_dirt"], [[208, 9840], 45, "grass_dirt"], [[224, 9840], 45, "grass_dirt"], [[240, 9840], 45, "grass_dirt"]], "2;76": [[[256, 9840], 45, "grass_dirt"], [[272, 9840], 45, "grass_dirt"], [[288, 9840], 45, "grass_dirt"]], "0;77": [[[112, 9872], 45, "grass_dirt"], [[96, 9872], 45, "grass_dirt"], [[80, 9872], 45, "grass_dirt"], [[64, 9872], 45, "grass_dirt"], [[48, 9872], 45, "grass_dirt"], [[32, 9872], 45, "grass_dirt"], [[16, 9872], 45, "grass_dirt"], [[0, 9872], 45, "grass_dirt"], [[0, 9888], 45, "grass_dirt"], [[0, 9904], 45, "grass_dirt"], [[16, 9904], 45, "grass_dirt"], [[32, 9904], 45, "grass_dirt"], [[32, 9888], 45, "grass_dirt"], [[48, 9888], 45, "grass_dirt"], [[64, 9888], 45, "grass_dirt"], [[80, 9888], 45, "grass_dirt"], [[96, 9888], 45, "grass_dirt"], [[96, 9904], 45, "grass_dirt"], [[112, 9904], 45, "grass_dirt"], [[112, 9920], 45, "grass_dirt"], [[96, 9920], 45, "grass_dirt"], [[64, 9920], 45, "grass_dirt"], [[48, 9920], 45, "grass_dirt"], [[32, 9920], 45, "grass_dirt"], [[16, 9936], 45, "grass_dirt"], [[0, 9936], 45, "grass_dirt"], [[0, 9968], 45, "grass_dirt"], [[16, 9968], 45, "grass_dirt"], [[48, 9968], 45, "grass_dirt"], [[64, 9968], 45, "grass_dirt"], [[80, 9968], 45, "grass_dirt"], [[96, 9968], 45, "grass_dirt"], [[112, 9968], 45, "grass_dirt"], [[112, 9952], 45, "grass_dirt"], [[32, 9968], 45, "grass_dirt"], [[0, 9952], 45, "grass_dirt"], [[16, 9952], 45, "grass_dirt"], [[32, 9952], 45, "grass_dirt"], [[48, 9952], 45, "grass_dirt"], [[64, 9952], 45, "grass_dirt"], [[80, 9952], 45, "grass_dirt"], [[96, 9952], 45, "grass_dirt"], [[112, 9936], 45, "grass_dirt"], [[96, 9936], 45, "grass_dirt"], [[80, 9936], 45, "grass_dirt"], [[64, 9936], 45, "grass_dirt"], [[48, 9936], 45, "grass_dirt"], [[32, 9936], 45, "grass_dirt"], [[0, 9920], 45, "grass_dirt"], [[16, 9920], 45, "grass_dirt"], [[80, 9920], 45, "grass_dirt"], [[112, 9888], 45, "grass_dirt"], [[16, 9888], 45, "grass_dirt"], [[112, 9856], 45, "grass_dirt"], [[96, 9856], 45, "grass_dirt"], [[80, 9856], 45, "grass_dirt"], [[64, 9856], 45, "grass_dirt"], [[48, 9856], 45, "grass_dirt"], [[32, 9856], 45, "grass_dirt"], [[16, 9856], 45, "grass_dirt"], [[0, 9856], 45, "grass_dirt"], [[48, 9904], 45, "grass_dirt"], [[64, 9904], 45, "grass_dirt"], [[80, 9904], 45, "grass_dirt"]]}, "object": [[[4, 10054], 66, "health_potion"], [[36, 10056], 60, "apple_item"], [[68, 10056], 71, "meat_item"], [[-32, 10008], 84, "waterfall"], [[-32, 10040], 84, "waterfall"], [[-32, 10024], 84, "waterfall"], [[-32, 10072], 84, "waterfall"], [[-32, 10056], 84, "waterfall"], [[-32, 10088], 85, "waterfall_bottom"], [[48, 10088], 73, "rabit"], [[96, 10072], 65, "door"], [[-16, 10092], 63, "buttom"], [[16, 10088], 73, "rabit"], [[80, 10088], 73, "rabit"]], "entity": [[[96, 10040], 87, "blue_fly"], [[-32, 10080], 90, "herochar"]], "variable": {}}