{"tile": {"0;78": [[[0, 10064], 53, "grass_top"], [[16, 10064], 53, "grass_top"], [[32, 10064], 53, "grass_top"], [[48, 10064], 53, "grass_top"], [[64, 10064], 53, "grass_top"], [[80, 10064], 53, "grass_top"], [[96, 10064], 53, "grass_top"], [[112, 10064], 53, "grass_top"], [[0, 10056], 50, "grass_props"], [[32, 10056], 50, "grass_props"], [[48, 10056], 50, "grass_props"], [[64, 10056], 50, "grass_props"], [[80, 10056], 50, "grass_props"], [[96, 10056], 50, "grass_props"], [[112, 10056], 50, "grass_props"], [[16, 10056], 50, "grass_props"], [[16, 10056], 3, "bigflowers_props"], [[80, 10056], 3, "bigflowers_props"], [[48, 10056], 37, "flowers_props"], [[0, 10080], 45, "grass_dirt"], [[0, 10096], 45, "grass_dirt"], [[16, 10080], 45, "grass_dirt"], [[16, 10096], 45, "grass_dirt"], [[32, 10096], 45, "grass_dirt"], [[32, 10080], 45, "grass_dirt"], [[48, 10080], 45, "grass_dirt"], [[48, 10096], 45, "grass_dirt"], [[96, 10096], 45, "grass_dirt"], [[112, 10096], 45, "grass_dirt"], [[80, 10096], 45, "grass_dirt"], [[64, 10096], 45, "grass_dirt"], [[64, 10080], 45, "grass_dirt"], [[80, 10080], 45, "grass_dirt"], [[96, 10080], 45, "grass_dirt"], [[112, 10080], 45, "grass_dirt"]], "1;78": [[[160, 10064], 53, "grass_top"], [[128, 10064], 53, "grass_top"], [[144, 10064], 53, "grass_top"], [[128, 10056], 50, "grass_props"], [[144, 10056], 50, "grass_props"], [[160, 10056], 50, "grass_props"], [[144, 10056], 3, "bigflowers_props"], [[128, 10056], 37, "flowers_props"], [[128, 10080], 45, "grass_dirt"], [[144, 10080], 45, "grass_dirt"], [[160, 10080], 45, "grass_dirt"], [[160, 10096], 45, "grass_dirt"], [[128, 10096], 45, "grass_dirt"], [[144, 10096], 45, "grass_dirt"], [[176, 9984], 49, "grass_left"], [[176, 10000], 49, "grass_left"], [[176, 10016], 49, "grass_left"], [[176, 10032], 49, "grass_left"], [[176, 10048], 49, "grass_left"], [[176, 10064], 43, "grass_corner_top_left"], [[240, 9984], 45, "grass_dirt"], [[240, 10000], 45, "grass_dirt"], [[240, 10016], 45, "grass_dirt"], [[240, 10032], 45, "grass_dirt"], [[240, 10048], 45, "grass_dirt"], [[240, 10064], 45, "grass_dirt"], [[240, 10080], 45, "grass_dirt"], [[240, 10096], 45, "grass_dirt"], [[176, 10096], 45, "grass_dirt"], [[192, 10096], 45, "grass_dirt"], [[192, 10080], 45, "grass_dirt"], [[176, 10080], 45, "grass_dirt"], [[208, 10080], 45, "grass_dirt"], [[224, 10080], 45, "grass_dirt"], [[208, 10096], 45, "grass_dirt"], [[224, 10096], 45, "grass_dirt"], [[224, 10048], 45, "grass_dirt"], [[208, 10064], 45, "grass_dirt"], [[192, 10064], 45, "grass_dirt"], [[224, 10064], 45, "grass_dirt"], [[208, 10048], 45, "grass_dirt"], [[208, 10032], 45, "grass_dirt"], [[192, 10032], 45, "grass_dirt"], [[192, 10016], 45, "grass_dirt"], [[192, 10000], 45, "grass_dirt"], [[208, 9984], 45, "grass_dirt"], [[224, 9984], 45, "grass_dirt"], [[208, 10000], 45, "grass_dirt"], [[208, 10016], 45, "grass_dirt"], [[192, 9984], 45, "grass_dirt"], [[192, 10048], 45, "grass_dirt"], [[224, 10032], 45, "grass_dirt"], [[224, 10016], 45, "grass_dirt"], [[224, 10000], 45, "grass_dirt"]], "-1;78": [[[-16, 10048], 51, "grass_right"], [[-16, 10032], 51, "grass_right"], [[-16, 10016], 51, "grass_right"], [[-16, 10000], 51, "grass_right"], [[-16, 9984], 51, "grass_right"], [[-16, 10064], 44, "grass_corner_top_right"], [[-16, 10080], 45, "grass_dirt"], [[-16, 10096], 45, "grass_dirt"], [[-32, 10080], 45, "grass_dirt"], [[-48, 10080], 45, "grass_dirt"], [[-64, 10080], 45, "grass_dirt"], [[-80, 10080], 45, "grass_dirt"], [[-96, 10080], 45, "grass_dirt"], [[-112, 10080], 45, "grass_dirt"], [[-112, 10096], 45, "grass_dirt"], [[-96, 10096], 45, "grass_dirt"], [[-80, 10096], 45, "grass_dirt"], [[-64, 10096], 45, "grass_dirt"], [[-48, 10096], 45, "grass_dirt"], [[-32, 10096], 45, "grass_dirt"], [[-32, 10064], 45, "grass_dirt"], [[-48, 10064], 45, "grass_dirt"], [[-64, 10064], 45, "grass_dirt"], [[-80, 10064], 45, "grass_dirt"], [[-80, 10048], 45, "grass_dirt"], [[-96, 10048], 45, "grass_dirt"], [[-112, 10048], 45, "grass_dirt"], [[-112, 10064], 45, "grass_dirt"], [[-96, 10064], 45, "grass_dirt"], [[-112, 10032], 45, "grass_dirt"], [[-112, 10016], 45, "grass_dirt"], [[-112, 10000], 45, "grass_dirt"], [[-112, 9984], 45, "grass_dirt"], [[-96, 9984], 45, "grass_dirt"], [[-96, 10000], 45, "grass_dirt"], [[-80, 10000], 45, "grass_dirt"], [[-80, 10016], 45, "grass_dirt"], [[-80, 10032], 45, "grass_dirt"], [[-64, 10032], 45, "grass_dirt"], [[-64, 10048], 45, "grass_dirt"], [[-48, 10048], 45, "grass_dirt"], [[-32, 10048], 45, "grass_dirt"], [[-32, 10032], 45, "grass_dirt"], [[-32, 10016], 45, "grass_dirt"], [[-32, 10000], 45, "grass_dirt"], [[-32, 9984], 45, "grass_dirt"], [[-80, 9984], 45, "grass_dirt"], [[-96, 10016], 45, "grass_dirt"], [[-96, 10032], 45, "grass_dirt"], [[-48, 10000], 45, "grass_dirt"], [[-48, 9984], 45, "grass_dirt"], [[-64, 10016], 45, "grass_dirt"], [[-64, 9984], 45, "grass_dirt"], [[-64, 10000], 45, "grass_dirt"], [[-48, 10016], 45, "grass_dirt"], [[-48, 10032], 45, "grass_dirt"], [[-128, 9984], 45, "grass_dirt"], [[-128, 10000], 45, "grass_dirt"], [[-128, 10016], 45, "grass_dirt"], [[-128, 10032], 45, "grass_dirt"], [[-128, 10048], 45, "grass_dirt"], [[-128, 10064], 45, "grass_dirt"], [[-128, 10080], 45, "grass_dirt"], [[-128, 10096], 45, "grass_dirt"]], "0;79": [[[0, 10112], 45, "grass_dirt"], [[0, 10128], 45, "grass_dirt"], [[0, 10144], 45, "grass_dirt"], [[16, 10112], 45, "grass_dirt"], [[16, 10128], 45, "grass_dirt"], [[16, 10144], 45, "grass_dirt"], [[32, 10144], 45, "grass_dirt"], [[32, 10128], 45, "grass_dirt"], [[32, 10112], 45, "grass_dirt"], [[48, 10112], 45, "grass_dirt"], [[48, 10128], 45, "grass_dirt"], [[48, 10144], 45, "grass_dirt"], [[64, 10144], 45, "grass_dirt"], [[80, 10128], 45, "grass_dirt"], [[80, 10112], 45, "grass_dirt"], [[96, 10112], 45, "grass_dirt"], [[64, 10112], 45, "grass_dirt"], [[64, 10128], 45, "grass_dirt"], [[112, 10144], 45, "grass_dirt"], [[96, 10144], 45, "grass_dirt"], [[80, 10144], 45, "grass_dirt"], [[96, 10128], 45, "grass_dirt"], [[112, 10112], 45, "grass_dirt"], [[112, 10128], 45, "grass_dirt"], [[112, 10160], 45, "grass_dirt"], [[96, 10160], 45, "grass_dirt"], [[80, 10160], 45, "grass_dirt"], [[64, 10160], 45, "grass_dirt"], [[48, 10160], 45, "grass_dirt"], [[32, 10160], 45, "grass_dirt"], [[16, 10160], 45, "grass_dirt"], [[0, 10160], 45, "grass_dirt"]], "1;79": [[[160, 10112], 45, "grass_dirt"], [[144, 10128], 45, "grass_dirt"], [[144, 10144], 45, "grass_dirt"], [[128, 10144], 45, "grass_dirt"], [[128, 10112], 45, "grass_dirt"], [[128, 10128], 45, "grass_dirt"], [[144, 10112], 45, "grass_dirt"], [[160, 10128], 45, "grass_dirt"], [[160, 10144], 45, "grass_dirt"], [[160, 10160], 45, "grass_dirt"], [[144, 10160], 45, "grass_dirt"], [[128, 10160], 45, "grass_dirt"], [[240, 10112], 45, "grass_dirt"], [[240, 10128], 45, "grass_dirt"], [[224, 10128], 45, "grass_dirt"], [[224, 10144], 45, "grass_dirt"], [[208, 10144], 45, "grass_dirt"], [[208, 10160], 45, "grass_dirt"], [[192, 10160], 45, "grass_dirt"], [[176, 10144], 45, "grass_dirt"], [[176, 10128], 45, "grass_dirt"], [[176, 10112], 45, "grass_dirt"], [[224, 10112], 45, "grass_dirt"], [[208, 10128], 45, "grass_dirt"], [[192, 10128], 45, "grass_dirt"], [[192, 10144], 45, "grass_dirt"], [[176, 10160], 45, "grass_dirt"], [[192, 10112], 45, "grass_dirt"], [[208, 10112], 45, "grass_dirt"], [[224, 10160], 45, "grass_dirt"], [[240, 10144], 45, "grass_dirt"], [[240, 10160], 45, "grass_dirt"]], "-1;77": [[[-112, 9968], 45, "grass_dirt"], [[-112, 9952], 45, "grass_dirt"], [[-112, 9936], 45, "grass_dirt"], [[-96, 9936], 45, "grass_dirt"], [[-96, 9920], 45, "grass_dirt"], [[-80, 9920], 45, "grass_dirt"], [[-64, 9904], 45, "grass_dirt"], [[-48, 9904], 45, "grass_dirt"], [[-32, 9904], 45, "grass_dirt"], [[-32, 9920], 45, "grass_dirt"], [[-16, 9920], 45, "grass_dirt"], [[-48, 9920], 45, "grass_dirt"], [[-64, 9920], 45, "grass_dirt"], [[-80, 9904], 45, "grass_dirt"], [[-80, 9888], 45, "grass_dirt"], [[-96, 9888], 45, "grass_dirt"], [[-96, 9904], 45, "grass_dirt"], [[-112, 9904], 45, "grass_dirt"], [[-112, 9920], 45, "grass_dirt"], [[-112, 9888], 45, "grass_dirt"], [[-64, 9888], 45, "grass_dirt"], [[-48, 9888], 45, "grass_dirt"], [[-32, 9888], 45, "grass_dirt"], [[-16, 9888], 45, "grass_dirt"], [[-16, 9904], 45, "grass_dirt"], [[-32, 9936], 45, "grass_dirt"], [[-48, 9936], 45, "grass_dirt"], [[-64, 9952], 45, "grass_dirt"], [[-80, 9952], 45, "grass_dirt"], [[-80, 9968], 45, "grass_dirt"], [[-96, 9968], 45, "grass_dirt"], [[-32, 9968], 45, "grass_dirt"], [[-16, 9952], 45, "grass_dirt"], [[-32, 9952], 45, "grass_dirt"], [[-48, 9952], 45, "grass_dirt"], [[-64, 9968], 45, "grass_dirt"], [[-48, 9968], 45, "grass_dirt"], [[-80, 9936], 45, "grass_dirt"], [[-64, 9936], 45, "grass_dirt"], [[-96, 9952], 45, "grass_dirt"], [[-16, 9936], 45, "grass_dirt"], [[-16, 9968], 42, "grass_corner_bottom_right"], [[-128, 9888], 45, "grass_dirt"], [[-128, 9904], 45, "grass_dirt"], [[-128, 9920], 45, "grass_dirt"], [[-128, 9936], 45, "grass_dirt"], [[-128, 9952], 45, "grass_dirt"], [[-128, 9968], 45, "grass_dirt"]], "0;77": [[[32, 9968], 38, "grass_bottom"], [[0, 9968], 38, "grass_bottom"], [[16, 9968], 38, "grass_bottom"], [[64, 9968], 38, "grass_bottom"], [[80, 9968], 38, "grass_bottom"], [[96, 9968], 38, "grass_bottom"], [[112, 9968], 38, "grass_bottom"], [[48, 9968], 38, "grass_bottom"], [[0, 9952], 45, "grass_dirt"], [[0, 9936], 45, "grass_dirt"], [[0, 9920], 45, "grass_dirt"], [[0, 9904], 45, "grass_dirt"], [[0, 9888], 45, "grass_dirt"], [[16, 9888], 45, "grass_dirt"], [[32, 9888], 45, "grass_dirt"], [[32, 9904], 45, "grass_dirt"], [[48, 9904], 45, "grass_dirt"], [[64, 9904], 45, "grass_dirt"], [[80, 9904], 45, "grass_dirt"], [[96, 9904], 45, "grass_dirt"], [[112, 9904], 45, "grass_dirt"], [[112, 9888], 45, "grass_dirt"], [[96, 9888], 45, "grass_dirt"], [[80, 9888], 45, "grass_dirt"], [[64, 9888], 45, "grass_dirt"], [[48, 9888], 45, "grass_dirt"], [[16, 9904], 45, "grass_dirt"], [[16, 9920], 45, "grass_dirt"], [[32, 9936], 45, "grass_dirt"], [[48, 9936], 45, "grass_dirt"], [[64, 9936], 45, "grass_dirt"], [[80, 9936], 45, "grass_dirt"], [[96, 9936], 45, "grass_dirt"], [[112, 9936], 45, "grass_dirt"], [[112, 9952], 45, "grass_dirt"], [[96, 9952], 45, "grass_dirt"], [[80, 9952], 45, "grass_dirt"], [[64, 9952], 45, "grass_dirt"], [[48, 9952], 45, "grass_dirt"], [[32, 9952], 45, "grass_dirt"], [[16, 9952], 45, "grass_dirt"], [[16, 9936], 45, "grass_dirt"], [[32, 9920], 45, "grass_dirt"], [[48, 9920], 45, "grass_dirt"], [[64, 9920], 45, "grass_dirt"], [[80, 9920], 45, "grass_dirt"], [[96, 9920], 45, "grass_dirt"], [[112, 9920], 45, "grass_dirt"]], "1;77": [[[128, 9968], 38, "grass_bottom"], [[144, 9968], 38, "grass_bottom"], [[160, 9968], 38, "grass_bottom"], [[176, 9968], 41, "grass_corner_bottom_left"], [[128, 9904], 45, "grass_dirt"], [[144, 9904], 45, "grass_dirt"], [[160, 9904], 45, "grass_dirt"], [[176, 9904], 45, "grass_dirt"], [[128, 9888], 45, "grass_dirt"], [[128, 9936], 45, "grass_dirt"], [[144, 9936], 45, "grass_dirt"], [[160, 9952], 45, "grass_dirt"], [[176, 9952], 45, "grass_dirt"], [[192, 9952], 45, "grass_dirt"], [[144, 9952], 45, "grass_dirt"], [[128, 9952], 45, "grass_dirt"], [[128, 9920], 45, "grass_dirt"], [[144, 9920], 45, "grass_dirt"], [[160, 9920], 45, "grass_dirt"], [[176, 9920], 45, "grass_dirt"], [[192, 9920], 45, "grass_dirt"], [[176, 9936], 45, "grass_dirt"], [[160, 9936], 45, "grass_dirt"], [[192, 9936], 45, "grass_dirt"], [[192, 9904], 45, "grass_dirt"], [[176, 9888], 45, "grass_dirt"], [[160, 9888], 45, "grass_dirt"], [[144, 9888], 45, "grass_dirt"], [[192, 9888], 45, "grass_dirt"], [[208, 9888], 45, "grass_dirt"], [[224, 9888], 45, "grass_dirt"], [[224, 9904], 45, "grass_dirt"], [[240, 9904], 45, "grass_dirt"], [[240, 9952], 45, "grass_dirt"], [[240, 9968], 45, "grass_dirt"], [[208, 9968], 45, "grass_dirt"], [[208, 9952], 45, "grass_dirt"], [[208, 9936], 45, "grass_dirt"], [[208, 9920], 45, "grass_dirt"], [[208, 9904], 45, "grass_dirt"], [[240, 9888], 45, "grass_dirt"], [[240, 9936], 45, "grass_dirt"], [[224, 9952], 45, "grass_dirt"], [[224, 9968], 45, "grass_dirt"], [[192, 9968], 45, "grass_dirt"], [[224, 9920], 45, "grass_dirt"], [[240, 9920], 45, "grass_dirt"], [[224, 9936], 45, "grass_dirt"]], "-1;79": [[[-16, 10112], 45, "grass_dirt"], [[-16, 10128], 45, "grass_dirt"], [[-16, 10144], 45, "grass_dirt"], [[-16, 10160], 45, "grass_dirt"], [[-32, 10112], 45, "grass_dirt"], [[-32, 10128], 45, "grass_dirt"], [[-48, 10128], 45, "grass_dirt"], [[-48, 10144], 45, "grass_dirt"], [[-64, 10144], 45, "grass_dirt"], [[-80, 10144], 45, "grass_dirt"], [[-80, 10128], 45, "grass_dirt"], [[-96, 10128], 45, "grass_dirt"], [[-96, 10112], 45, "grass_dirt"], [[-80, 10112], 45, "grass_dirt"], [[-64, 10112], 45, "grass_dirt"], [[-64, 10128], 45, "grass_dirt"], [[-112, 10112], 45, "grass_dirt"], [[-112, 10128], 45, "grass_dirt"], [[-112, 10144], 45, "grass_dirt"], [[-112, 10160], 45, "grass_dirt"], [[-96, 10160], 45, "grass_dirt"], [[-80, 10160], 45, "grass_dirt"], [[-64, 10160], 45, "grass_dirt"], [[-48, 10160], 45, "grass_dirt"], [[-32, 10160], 45, "grass_dirt"], [[-32, 10144], 45, "grass_dirt"], [[-48, 10112], 45, "grass_dirt"], [[-96, 10144], 45, "grass_dirt"], [[-128, 10112], 45, "grass_dirt"], [[-128, 10128], 45, "grass_dirt"], [[-128, 10144], 45, "grass_dirt"], [[-128, 10160], 45, "grass_dirt"]], "2;77": [[[256, 9920], 45, "grass_dirt"], [[256, 9936], 45, "grass_dirt"], [[256, 9888], 45, "grass_dirt"], [[256, 9904], 45, "grass_dirt"], [[256, 9952], 45, "grass_dirt"], [[256, 9968], 45, "grass_dirt"], [[288, 9968], 45, "grass_dirt"], [[288, 9952], 45, "grass_dirt"], [[288, 9936], 45, "grass_dirt"], [[288, 9920], 45, "grass_dirt"], [[288, 9904], 45, "grass_dirt"], [[288, 9888], 45, "grass_dirt"], [[272, 9888], 45, "grass_dirt"], [[272, 9904], 45, "grass_dirt"], [[272, 9920], 45, "grass_dirt"], [[272, 9936], 45, "grass_dirt"], [[272, 9952], 45, "grass_dirt"], [[272, 9968], 45, "grass_dirt"]], "2;78": [[[256, 9984], 45, "grass_dirt"], [[256, 10000], 45, "grass_dirt"], [[256, 10016], 45, "grass_dirt"], [[256, 10032], 45, "grass_dirt"], [[256, 10048], 45, "grass_dirt"], [[256, 10064], 45, "grass_dirt"], [[256, 10080], 45, "grass_dirt"], [[256, 10096], 45, "grass_dirt"], [[288, 10096], 45, "grass_dirt"], [[288, 10080], 45, "grass_dirt"], [[288, 10064], 45, "grass_dirt"], [[288, 10048], 45, "grass_dirt"], [[288, 10032], 45, "grass_dirt"], [[288, 10016], 45, "grass_dirt"], [[288, 10000], 45, "grass_dirt"], [[288, 9984], 45, "grass_dirt"], [[272, 9984], 45, "grass_dirt"], [[272, 10000], 45, "grass_dirt"], [[272, 10016], 45, "grass_dirt"], [[272, 10032], 45, "grass_dirt"], [[272, 10048], 45, "grass_dirt"], [[272, 10064], 45, "grass_dirt"], [[272, 10080], 45, "grass_dirt"], [[272, 10096], 45, "grass_dirt"]], "2;79": [[[256, 10112], 45, "grass_dirt"], [[256, 10128], 45, "grass_dirt"], [[256, 10144], 45, "grass_dirt"], [[256, 10160], 45, "grass_dirt"], [[288, 10160], 45, "grass_dirt"], [[272, 10160], 45, "grass_dirt"], [[288, 10144], 45, "grass_dirt"], [[288, 10128], 45, "grass_dirt"], [[288, 10112], 45, "grass_dirt"], [[272, 10112], 45, "grass_dirt"], [[272, 10128], 45, "grass_dirt"], [[272, 10144], 45, "grass_dirt"]]}, "object": [[[112, 10048], 86, "wooden_plate"], [[32, 10040], 84, "waterfall"], [[32, 10024], 84, "waterfall"], [[32, 10056], 85, "waterfall_bottom"], [[32, 10008], 84, "waterfall"], [[32, 9992], 84, "waterfall"], [[32, 9976], 84, "waterfall"], [[96, 10056], 73, "rabit"], [[0, 10056], 73, "rabit"], [[160, 10056], 73, "rabit"]], "entity": [[[64, 10048], 90, "herochar"]], "variable": {}}